id;sentenca;classe
3503;Alerta de prazo: O prazo para contrarrazões não comporta mais dilação.;Prazos_e_Audiências
482;Deferido o pedido de gratuidade de justiça. Verifique o andamento no PJe.;Andamentos_Processuais
4122;Status da tarefa: O advogado pleno validou o feedback individual na sala de conferências.;Tarefas_e_Delegações_Interna
3528;Alerta de prazo: O prazo peremptório termina em 48 horas. Prepare a documentação.;Prazos_e_Audiências
512;Atenção: Embargos de declaração rejeitados no Diário da Justiça Eletrônico. Verifique o andamento no tribunal.;Andamentos_Processuais
1373;Aviso: O depósito judicial foi recebido.;Financeiro_e_Custas
4928;Atenção equipe: A Dra. Mariana marcou o feedback individual via Microsoft Teams.;Tarefas_e_Delegações_Interna
3980;Lembrete: A sessão de julgamento foi cancelada pelo juízo. Prepare a documentação.;Prazos_e_Audiências
1698;Repasse ao cliente finalizado e o comprovante anexado aos autos.;Financeiro_e_Custas
3261;Alerta de prazo: O prazo para manifestação foi devolvido por 10 dias. Notifique o cliente.;Prazos_e_Audiências
2745;Aviso: O contrato de honorários foi enviado por e-mail.;Gestão_de_Documentos
3006;A audiência de oitiva de testemunhas foi designada para hoje às 14h. O sistema já foi atualizado.;Prazos_e_Audiências
539;Urgente: Agravo de instrumento recebido na 1ª Vara Cível. Cumpra-se com urgência.;Andamentos_Processuais
3158;A audiência de justificação será presencial no fórum. Atenção ao calendário interno.;Prazos_e_Audiências
3187;Atenção: A sessão do tribunal do júri ocorrerá de forma 100% virtual.;Prazos_e_Audiências
2839;Status interno: a declaração de hipossuficiência foi assinada via certificado A3.;Gestão_de_Documentos
3766;Sessão de julgamento presencial registrada na pauta do dia 12/1.;Prazos_e_Audiências
2045;O comprovante de residência foi enviado para o e-mail do cliente pelo sócio.;Gestão_de_Documentos
4210;Urgente: O coordenador da equipe cancelou o comitê de avaliação para despachar com o juiz.;Tarefas_e_Delegações_Interna
3411;Alerta de prazo: O prazo peremptório está suspenso. Evite a preclusão.;Prazos_e_Audiências
4426;Urgente: A controladoria jurídica agendou o despacho com o juiz referente ao caso Silva.;Tarefas_e_Delegações_Interna
3490;Lembrete: O prazo de embargos de declaração encerra-se na próxima semana. Não perca o horário estabelecido.;Prazos_e_Audiências
4459;O gestor do departamento encerrou o protocolo do recurso com máxima urgência.;Tarefas_e_Delegações_Interna
603;Carta rogatória expedida na 9ª Vara Criminal. Confira no portal do e-SAJ.;Andamentos_Processuais
3359;Audiência trabalhista registrada na pauta do dia 22/8.;Prazos_e_Audiências
4389;Nova delegação: Sócio diretor encerrou o workflow da tarefa e aguarda sua validação.;Tarefas_e_Delegações_Interna
4333;Checklist interno de onboarding do cliente foi preenchido.;Tarefas_e_Delegações_Interna
3973;Audiência de conciliação cancelada e será reagendada em breve.;Prazos_e_Audiências
735;Status do processo: Suspensão do processo decretada no portal eletrônico e-SAJ. Aguardando decurso de prazo.;Andamentos_Processuais
1858;Despesa de tradução juramentada confirmada pela controladoria jurídica.;Financeiro_e_Custas
4068;Aviso interno: Advogado pleno pediu urgência na análise do caso até o final do dia.;Tarefas_e_Delegações_Interna
2850;Procuração ad judicia convertida para PDF e salva no sistema.;Gestão_de_Documentos
893;Revogada a liminar anteriormente deferida.;Andamentos_Processuais
2528;O comprovante de residência foi protocolado na rede interna na nuvem corporativa.;Gestão_de_Documentos
576;Expedido alvará de levantamento de valores. Publicação no Diário Oficial de hoje.;Andamentos_Processuais
4822;Lembrete: enviar a carteira de trabalho até amanhã.;Tarefas_e_Delegações_Interna
2578;Planilha de cálculos renomeada conforme padrão do escritório.;Gestão_de_Documentos
1647;Alerta financeiro: As custas complementares foram efetuadas com vencimento para amanhã.;Financeiro_e_Custas
587;Urgente: Carta precatória expedida pela secretaria da vara.;Andamentos_Processuais
851;Status do processo: Apelação interposta. O processo segue tramitação normal.;Andamentos_Processuais
25;Urgente: Apelação interposta na 1ª Vara Cível. Aguardando a intimação do réu.;Andamentos_Processuais
3200;A reunião de tentativa de acordo foi cancelada pelo juízo. A parte contrária já foi intimada.;Prazos_e_Audiências
1629;Aviso: As custas processuais no valor de R$ 4.100,00 foram quitadas conforme determinação judicial.;Financeiro_e_Custas
1668;As despesas de viagem foram confirmadas.;Financeiro_e_Custas
3433;Prazo para impugnação ao cumprimento de sentença é fatal, sem possibilidade de prorrogação.;Prazos_e_Audiências
536;Prevenção de juízo declarada na 3ª Vara Criminal.;Andamentos_Processuais
4241;Aviso interno: O sócio sênior reagendou o despacho com o juiz e aguarda aprovação.;Tarefas_e_Delegações_Interna
1056;Penhora online confirmada na conta com sucesso.;Financeiro_e_Custas
1542;Boleto de honorários mensais gerado e enviado ao e-mail de Maria Santos.;Financeiro_e_Custas
372;Pedido de vista formulado por desembargador no PJe.;Andamentos_Processuais
1932;Alerta financeiro: As despesas de viagem no valor de R$ 3.900,00 foram emitidas conforme tabela da OAB.;Financeiro_e_Custas
261;Redistribuição do processo por dependência no processo nº 0033505-45.2021.8.15.0001. Publicação no Diário Oficial de hoje.;Andamentos_Processuais
2503;Petição inicial revisada e pronta para envio ao cliente.;Gestão_de_Documentos
4180;Nova delegação: A estagiária assumiu o resumo do processo antes do fim do expediente.;Tarefas_e_Delegações_Interna
2732;Petição de juntada da minuta de acordo assinada com token OAB.;Gestão_de_Documentos
1242;Confirmação: O boleto de honorários foi realizado e anexado aos autos.;Financeiro_e_Custas
1836;Pagamento pendente: A penhora online venceu.;Financeiro_e_Custas
4843;Aviso interno: A controladoria jurídica reagendou o despacho com o juiz via Microsoft Teams.;Tarefas_e_Delegações_Interna
531;Carta rogatória expedida no processo nº 0065134-45.2023.8.13.0003. Publicação no Diário Oficial de hoje.;Andamentos_Processuais
2042;Atualização: O RG do cliente foi anexado com sucesso.;Gestão_de_Documentos
1797;RPV (Requisição de Pequeno Valor) no valor de R$ 2.000,00.;Financeiro_e_Custas
4891;Status da tarefa: O sócio sênior atribuiu a planilha de clientes para a revisão final do sócio.;Tarefas_e_Delegações_Interna
327;Sentença proferida na 10ª Vara do Júri. Vista às partes por 5 dias.;Andamentos_Processuais
2905;Upload falhou: A ficha de cadastro foi encaminhada ao setor paralegal pelo sócio responsável.;Gestão_de_Documentos
3123;Perícia contábil remarcada para a próxima semana.;Prazos_e_Audiências
2616;Atualização: O termo de acordo foi corrompido durante o upload e arquivado de forma definitiva.;Gestão_de_Documentos
4513;Status da tarefa: O Dr. Rafael pediu a elaboração de quesitos para a reunião de sexta.;Tarefas_e_Delegações_Interna
2072;Documento: O laudo pericial foi enviado por e-mail via aplicativo do escritório.;Gestão_de_Documentos
1509;Confirmação: A retenção de imposto no valor de R$ 4.600,00 foi efetuada no portal do tribunal.;Financeiro_e_Custas
2626;Planilha de cálculos recebida por e-mail e protocolada no sistema interno.;Gestão_de_Documentos
2063;Declaração de imposto de renda digitalizada e indexada no sistema.;Gestão_de_Documentos
2818;Parecer técnico digitalizado e indexado no sistema.;Gestão_de_Documentos
1871;Confirmação de pagamento da guia de custas processuais recebida.;Financeiro_e_Custas
760;Redistribuição do feito por sorteio na 20ª Vara Trabalhista. Publicação no Diário Oficial de hoje.;Andamentos_Processuais
4031;Nova delegação: A advogada júnior agendou a pauta de audiências via Microsoft Teams.;Tarefas_e_Delegações_Interna
70;Sentença proferida na 3ª Vara Cível. Confira o teor no sistema.;Andamentos_Processuais
4738;Aviso interno: Dra. Camila agendou uma reunião de alinhamento.;Tarefas_e_Delegações_Interna
2735;Atenção: A documentação anexada está disponível para download.;Gestão_de_Documentos
4757;O Dr. Carlos agendou o despacho com o juiz como prioridade 1.;Tarefas_e_Delegações_Interna
1060;Alerta financeiro: Os valores bloqueados foram transferidos.;Financeiro_e_Custas
4123;Urgente: A equipe trabalhista cancelou o despacho com o juiz para alinhamento estratégico.;Tarefas_e_Delegações_Interna
884;Voto do relator publicado na 9ª Vara de Falências e Recuperação Judicial.;Andamentos_Processuais
1268;Pagamento pendente: Os honorários de sucumbência no valor de R$ 2.000,00 foram cancelados com vencimento para amanhã.;Financeiro_e_Custas
3974;Prazo para emenda à petição inicial expira na sexta-feira.;Prazos_e_Audiências
3399;Prazo para juntada de documentos complementares consta registrado na pauta processual do dia 20/6.;Prazos_e_Audiências
2030;Upload falhou: A certidão de nascimento foi enviada por e-mail pelo assistente jurídico.;Gestão_de_Documentos
581;Decretação de revelia da parte ré no 2º Juizado Especial Federal.;Andamentos_Processuais
3487;Prazo para emenda à petição inicial expira em 48 horas.;Prazos_e_Audiências
3149;Audiência de tentativa de conciliação hoje às 13h no CEJUSC.;Prazos_e_Audiências
2390;Alerta: A ata notarial aguarda validação do gestor e o cliente já foi notificado.;Gestão_de_Documentos
1974;A despesa de cartório foi paga sem incidência de juros.;Financeiro_e_Custas
1036;Repasse ao cliente finalizado no valor de R$ 4.500,00 pela controladoria jurídica.;Financeiro_e_Custas
3608;Lembrete: O prazo para contrarrazões encerra-se na próxima semana. A parte contrária já foi intimada.;Prazos_e_Audiências
2029;Atualização: A guia de custas foi digitalizada em alta resolução para instrução probatória.;Gestão_de_Documentos
4319;Lembrete: O Dr. Rafael encerrou o resumo do processo no sistema ERP.;Tarefas_e_Delegações_Interna
2370;Petição de juntada da procuração assinada com token OAB.;Gestão_de_Documentos
1110;Aviso: O depósito judicial no valor de R$ 7.100,00 foi lançado pelo setor financeiro.;Financeiro_e_Custas
3052;Oitiva de testemunha registrada na pauta do dia 17/5.;Prazos_e_Audiências
4737;Sócio sênior delegou a conferência da contestação para você.;Tarefas_e_Delegações_Interna
2187;Alerta: O substabelecimento foi fragmentado em partes para instrução probatória.;Gestão_de_Documentos
2921;Cópia autenticada da procuração solicitada ao cartório.;Gestão_de_Documentos
4381;Lembrete: A controladoria jurídica concluiu o cadastro da ação para despacho com o magistrado.;Tarefas_e_Delegações_Interna
794;Atenção: Decisão interlocutória proferida. Confira o teor no sistema.;Andamentos_Processuais
500;Aviso de movimentação: Baixa definitiva dos autos. Aguardando a intimação do réu.;Andamentos_Processuais
4371;A advogada júnior encerrou o preenchimento do timesheet referente ao caso Silva.;Tarefas_e_Delegações_Interna
3921;Importante: A sessão do tribunal do júri ocorrerá de forma 100% virtual. Notifique o cliente.;Prazos_e_Audiências
2753;Documento: A documentação anexada foi fragmentada em partes para instrução probatória.;Gestão_de_Documentos
1586;Honorários contratuais para conferência do sócio financeiro.;Financeiro_e_Custas
4809;Atenção equipe: O estagiário marcou o despacho com o juiz para alinhamento estratégico.;Tarefas_e_Delegações_Interna
4938;Workflow encerrado: triagem de novos casos do processo de João Pereira.;Tarefas_e_Delegações_Interna
885;Urgente: Homologado o acordo na 3ª Vara Criminal.;Andamentos_Processuais
2689;Status interno: A escritura do imóvel foi assinada digitalmente.;Gestão_de_Documentos
3641;Audiência una marcada para amanhã às 14h.;Prazos_e_Audiências
653;Embargos de declaração opostos no processo nº 0082091-82.2023.8.24.0002.;Andamentos_Processuais
4713;Aviso interno: A estagiária conferiu a redação da petição para a reunião de sexta.;Tarefas_e_Delegações_Interna
1335;Guia de preparo recursal emitida no valor de R$ 18.000,00.;Financeiro_e_Custas
1200;Pagamento pendente: Os honorários de sucumbência foram cancelados conforme tabela da OAB.;Financeiro_e_Custas
2469;A escritura do imóvel foi digitalizada em alta resolução.;Gestão_de_Documentos
3526;O prazo para contestação encerra-se na próxima sexta-feira. Revise os memoriais antes da data.;Prazos_e_Audiências
2694;Documento: O comprovante de pagamento foi enviado por e-mail.;Gestão_de_Documentos
3038;O prazo para apelação termina em 48 horas. Atenção ao calendário interno.;Prazos_e_Audiências
2608;Nova pasta compartilhada criada para os documentos do cliente corporativo.;Gestão_de_Documentos
4473;Lembrete: enviar a procuração ad judicia até amanhã.;Tarefas_e_Delegações_Interna
1952;Confirmação: Os honorários de sucumbência foram transferidos e notificação enviada.;Financeiro_e_Custas
2005;Aviso: 3 arquivos aguardando categorização na caixa de entrada.;Gestão_de_Documentos
926;Atualização processual: Ato ordinatório praticado.;Andamentos_Processuais
2115;A guia de recolhimento foi digitalizada em alta resolução para instrução probatória.;Gestão_de_Documentos
1849;Bloqueio Sisbajud no valor de R$ 2.000,00.;Financeiro_e_Custas
1917;Cálculo de liquidação de sentença finalizado pela controladoria.;Financeiro_e_Custas
3902;Prazo para embargos de declaração expira amanhã.;Prazos_e_Audiências
4623;Sócio diretor pediu urgência na análise do caso até o final do dia.;Tarefas_e_Delegações_Interna
4768;Solicitação de suporte: verificar status do processo de Comércio XYZ.;Tarefas_e_Delegações_Interna
2758;Assinatura eletrônica da contestação pendente.;Gestão_de_Documentos
4859;Urgente: O sócio sênior transferiu a redação da petição e aguarda aprovação.;Tarefas_e_Delegações_Interna
4874;Tarefa atribuída: atualizar a planilha de acompanhamento do caso Distribuidora Central.;Tarefas_e_Delegações_Interna
3840;Audiência de instrução e julgamento marcada para a próxima terça-feira às 15h.;Prazos_e_Audiências
4424;Atenção equipe: O Dr. Carlos devolveu a redação da petição com máxima urgência.;Tarefas_e_Delegações_Interna
2314;Versão atualizada do laudo pericial substituiu a anterior no repositório.;Gestão_de_Documentos
3573;Prazo fatal para recolhimento de custas processuais expira amanhã.;Prazos_e_Audiências
2480;Petição de juntada da certidão de casamento assinada com token OAB.;Gestão_de_Documentos
2922;Atenção: O substabelecimento está disponível para download e o cliente já foi notificado.;Gestão_de_Documentos
3950;Lembrete urgente: audiência de instrução trabalhista hoje às 08h.;Prazos_e_Audiências
622;Status do processo: Sentença de mérito publicada no sistema PJe. O prazo recursal inicia-se amanhã.;Andamentos_Processuais
1304;Fatura mensal vencida pelo setor financeiro.;Financeiro_e_Custas
750;Reconsideração de decisão anterior indeferida pelo juiz plantonista.;Andamentos_Processuais
4794;A equipe tributária revisou o cadastro da ação com máxima urgência.;Tarefas_e_Delegações_Interna
3912;Prazo para apresentação de recurso vence em 3 dias úteis.;Prazos_e_Audiências
4479;Status da tarefa: A estagiária finalizou a reunião de equipe e aguarda aprovação.;Tarefas_e_Delegações_Interna
2006;Falha no upload do termo de audiência: arquivo corrompido.;Gestão_de_Documentos
89;Sentença de mérito publicada no processo de execução. Aguardando a intimação do réu.;Andamentos_Processuais
334;Atualização processual: Indeferida a liminar no Diário da Justiça Eletrônico.;Andamentos_Processuais
3564;Atenção: A sessão de julgamento está aguardando o link. O sistema já foi atualizado.;Prazos_e_Audiências
330;Atenção: Indeferida a liminar. Confira o teor no sistema.;Andamentos_Processuais
189;Cumprimento de sentença iniciado no PJe.;Andamentos_Processuais
4316;Coordenador aprovou o termo de audiência antes do envio ao cliente.;Tarefas_e_Delegações_Interna
1014;Aviso: O reembolso de diligência venceu.;Financeiro_e_Custas
2230;Upload falhou: A minuta da contestação está pendente de assinatura e o cliente já foi notificado.;Gestão_de_Documentos
1454;Despesa de tradução juramentada no valor de R$ 22.000,00.;Financeiro_e_Custas
1515;Guia de custas iniciais emitida no valor de R$ 6.500,00.;Financeiro_e_Custas
3627;Prazo para alegações finais expira na sexta-feira.;Prazos_e_Audiências
320;Atualização processual: Decisão interlocutória proferida. Consulte a íntegra no e-Proc.;Andamentos_Processuais
1556;Aviso: Os honorários de sucumbência foram quitados e anexado aos autos.;Financeiro_e_Custas
1891;Confirmação: O boleto de honorários foi efetuado.;Financeiro_e_Custas
4821;Tarefa atribuída: redigir a contestação do caso Grupo Beta Ltda.;Tarefas_e_Delegações_Interna
635;Carta precatória expedida no processo nº 0047105-96.2021.8.11.0001. Publicação no Diário Oficial de hoje.;Andamentos_Processuais
4325;Coordenador solicitou revisão da procuração ad judicia antes do envio ao cliente.;Tarefas_e_Delegações_Interna
3007;Audiência de custódia marcada para a próxima terça-feira às 15h.;Prazos_e_Audiências
600;Status do processo: Expedido alvará eletrônico. Verifique o andamento no tribunal.;Andamentos_Processuais
4574;Workflow iniciado: revisão documental do processo de Banco Meridional.;Tarefas_e_Delegações_Interna
3258;Lembrete: O prazo prescricional encerra-se na próxima semana. Notifique o cliente.;Prazos_e_Audiências
454;Atualização processual: Apelação interposta. Prazo comum aberto.;Andamentos_Processuais
172;Aviso de movimentação: Redistribuição do processo. Confira o teor no sistema.;Andamentos_Processuais
1975;Honorários periciais aguardando aprovação da diretoria.;Financeiro_e_Custas
152;Juntada de laudo pericial aos autos no processo do executado.;Andamentos_Processuais
1471;Pagamento pendente: A guia de custas no valor de R$ 9.200,00 foi atualizada no sistema interno.;Financeiro_e_Custas
3408;Audiência una adiada a pedido de uma das partes.;Prazos_e_Audiências
3116;O prazo para réplica encerra-se na próxima sexta-feira. A parte contrária já foi intimada.;Prazos_e_Audiências
2233;O holerite do reclamante foi enviado por e-mail no sistema interno do escritório.;Gestão_de_Documentos
3729;Aviso de pauta: A audiência de justificação está aguardando o link. Prepare a documentação.;Prazos_e_Audiências
4873;Aviso interno: O Dr. Carlos validou a tese de defesa como prioridade 1.;Tarefas_e_Delegações_Interna
1365;Segunda via de boleto emitida com sucesso.;Financeiro_e_Custas
941;Agravo de instrumento interposto no processo nº 0058913-71.2024.8.21.0001.;Andamentos_Processuais
837;Apelação recebida nos efeitos devolutivo e suspensivo na 13ª Vara Cível. Publicação no Diário Oficial de hoje.;Andamentos_Processuais
2800;Status interno: O arquivo PDF foi fragmentado em partes na subpasta de atos constitutivos.;Gestão_de_Documentos
860;Atualização processual: Novo despacho proferido. Cumpra-se com urgência.;Andamentos_Processuais
3309;A audiência de justificação ocorrerá de forma 100% virtual. Revise os memoriais antes da data.;Prazos_e_Audiências
1882;Despesas de correio (AR) repassadas para a fatura final do cliente.;Financeiro_e_Custas
1440;Bloqueio Sisbajud no valor de R$ 1.200,00.;Financeiro_e_Custas
4694;Urgente: Dr. Roberto pediu urgência na análise do caso e o prazo interno vence hoje.;Tarefas_e_Delegações_Interna
4144;Nova delegação: O advogado pleno assumiu o cadastro da ação e aguarda aprovação.;Tarefas_e_Delegações_Interna
2964;Os contracheques do reclamante foram renomeados por ordem de data.;Gestão_de_Documentos
3177;Aviso de pauta: O prazo para réplica inicia-se amanhã.;Prazos_e_Audiências
2067;Comprovante de renda arquivado na pasta digital do processo.;Gestão_de_Documentos
3121;Prazo para contestação vence em 7 dias corridos.;Prazos_e_Audiências
829;Trânsito em julgado certificado na 1ª Vara Cível. O prazo recursal inicia-se amanhã.;Andamentos_Processuais
1790;Faturamento: As despesas de viagem estão pendentes na conta do escritório.;Financeiro_e_Custas
2592;Upload falhou: a certidão de trânsito em julgado foi digitalizada em alta resolução.;Gestão_de_Documentos
1516;Acordo financeiro quitado para conferência do sócio.;Financeiro_e_Custas
4286;Tarefa atribuída: ligar para o cliente do caso Farmácias Reunidas Ltda.;Tarefas_e_Delegações_Interna
3557;Prazo para embargos de declaração expira em 48 horas.;Prazos_e_Audiências
1495;Confirmação: Os honorários contratuais foram gerados.;Financeiro_e_Custas
3385;Audiência de conciliação registrada na pauta do dia 22/3.;Prazos_e_Audiências
4915;Lembrete: finalizar o termo de audiência até amanhã.;Tarefas_e_Delegações_Interna
470;Atenção: Determinada a penhora online pelo Tribunal de Justiça. O prazo recursal inicia-se amanhã.;Andamentos_Processuais
4618;Urgente: O departamento cível aprovou a estratégia de defesa e o prazo interno vence hoje.;Tarefas_e_Delegações_Interna
3591;O prazo para embargos de declaração inicia-se amanhã. O sistema PJe já foi atualizado.;Prazos_e_Audiências
2847;Alerta: O relatório médico precisa ser reencaminhado pelo sócio responsável.;Gestão_de_Documentos
2724;Assinatura eletrônica da procuração ad judicia pendente.;Gestão_de_Documentos
2897;Upload falhou: A carta de preposição excedeu o limite de tamanho pelo assistente jurídico.;Gestão_de_Documentos
1663;Alerta financeiro: As custas processuais foram confirmadas com vencimento para amanhã.;Financeiro_e_Custas
2565;Alerta: O relatório médico está pendente de assinatura na subpasta de atos constitutivos.;Gestão_de_Documentos
2898;Documento: A certidão de nascimento foi corrompida durante o upload.;Gestão_de_Documentos
3696;Audiência de instrução e julgamento registrada na pauta do dia 25/12.;Prazos_e_Audiências
4507;Lembrete: O setor paralegal validou o preenchimento do timesheet para amanhã cedo.;Tarefas_e_Delegações_Interna
1907;Pagamento pendente: O precatório no valor de R$ 5.800,00 foi lançado conforme tabela da OAB.;Financeiro_e_Custas
4631;Status da tarefa: A estagiária aprovou a minuta do acordo antes do fim do expediente.;Tarefas_e_Delegações_Interna
54;Suspensão do processo por 30 dias na 1ª Vara de Família. O processo segue tramitação normal.;Andamentos_Processuais
1184;As custas processuais venceram com acréscimo de multa.;Financeiro_e_Custas
406;Recebidos os autos da instância superior na 15ª Vara Cível. Autos aguardam prazo no cartório.;Andamentos_Processuais
4464;Aviso interno: O estagiário cancelou a reunião de equipe sem dilação de prazo.;Tarefas_e_Delegações_Interna
248;Aviso de movimentação: Carta precatória expedida pela secretaria da vara. Confira o teor no sistema.;Andamentos_Processuais
3800;A audiência de justificação está confirmada para hoje.;Prazos_e_Audiências
1757;Confirmação: Os honorários de sucumbência foram transferidos pelo setor financeiro.;Financeiro_e_Custas
1163;Urgente: Os honorários de sucumbência foram recebidos.;Financeiro_e_Custas
273;Expedido alvará judicial eletrônico em favor do autor.;Andamentos_Processuais
3555;Sessão de mediação familiar confirmada para o dia 12, às 08h30.;Prazos_e_Audiências
2597;Alerta: O arquivo PDF foi anexado com sucesso.;Gestão_de_Documentos
4373;Lembrete: O sócio sênior conferiu a pauta de audiências sem dilação de prazo.;Tarefas_e_Delegações_Interna
1490;Parcelamento de honorários no valor de R$ 6.500,00.;Financeiro_e_Custas
3099;Aviso de pauta: A audiência admonitória foi cancelada pelo juízo. Revise os memoriais.;Prazos_e_Audiências
2888;Atenção: A documentação anexada foi corrompida durante o upload na nuvem corporativa.;Gestão_de_Documentos
504;Determinada a penhora de bens móveis na 18ª Vara de Família. Disponibilizado no Diário da Justiça Eletrônico.;Andamentos_Processuais
2883;Exportação do relatório de andamentos gerada em planilha.;Gestão_de_Documentos
3838;Lembrete: A audiência de oitiva de testemunhas foi remarcada para sexta-feira. Revise os memoriais.;Prazos_e_Audiências
579;Embargos de declaração acolhidos com efeitos na 13ª Vara Cível. Autos aguardam prazo no cartório.;Andamentos_Processuais
132;Baixa definitiva dos autos no Tribunal Regional do Trabalho.;Andamentos_Processuais
2440;Laudo pericial categorizado na caixa de entrada do sistema.;Gestão_de_Documentos
4514;Lembrete: enviar o RG atualizado até amanhã.;Tarefas_e_Delegações_Interna
951;Atenção: Sentença proferida pela secretaria da vara. O prazo recursal inicia-se amanhã.;Andamentos_Processuais
1252;Alvará judicial liberado e transferido para a conta do escritório.;Financeiro_e_Custas
4971;Relatório semanal de Farmácias Reunidas Ltda foi validado pela diretoria.;Tarefas_e_Delegações_Interna
4095;Protocolar o contrato social via Microsoft Teams.;Tarefas_e_Delegações_Interna
883;Status do processo: Determinada a penhora online no portal eletrônico e-SAJ.;Andamentos_Processuais
1967;Parcelamento de honorários aguardando aprovação da diretoria.;Financeiro_e_Custas
2782;Atualização: A procuração ad judicia foi anexada com sucesso na nuvem corporativa.;Gestão_de_Documentos
3252;Atenção: O prazo para manifestação foi prorrogado por 5 dias. Não perca o horário estabelecido.;Prazos_e_Audiências
2684;A carta de preposição foi salva na pasta do cliente no sistema interno do escritório.;Gestão_de_Documentos
4107;Nova delegação: O estagiário atribuiu a redação da petição antes do fim do expediente.;Tarefas_e_Delegações_Interna
447;Mandado de citação expedido na 12ª Vara Cível.;Andamentos_Processuais
1518;Boleto de honorários contratuais emitido no valor de R$ 250,00.;Financeiro_e_Custas
1512;Boleto de honorários emitido e notificação enviada ao financeiro.;Financeiro_e_Custas
2730;Cópia autenticada da planilha de cálculos solicitada ao cartório.;Gestão_de_Documentos
1455;Alerta financeiro: A RPV no valor de R$ 8.800,00 foi aprovada com sucesso.;Financeiro_e_Custas
1119;Solicitação de verba aprovada e notificação enviada ao financeiro.;Financeiro_e_Custas
3900;A sessão plenária do júri está confirmada para hoje. Não perca o horário estabelecido.;Prazos_e_Audiências
827;Atualização processual: Expedido alvará eletrônico no sistema PJe. Aguardando decurso de prazo.;Andamentos_Processuais
2158;Falha no upload da réplica: arquivo corrompido.;Gestão_de_Documentos
1362;Extrato de pagamentos sucumbenciais referente ao processo da reclamada.;Financeiro_e_Custas
4428;Atenção equipe: A equipe cível solicitou a conferência de prazos como prioridade 1.;Tarefas_e_Delegações_Interna
3908;Audiência de instrução e julgamento registrada na pauta do dia 16/3.;Prazos_e_Audiências
4941;Aviso interno: A equipe cível revisou a análise de viabilidade para despacho com o magistrado.;Tarefas_e_Delegações_Interna
1595;Fundo fixo de despesas atualizado.;Financeiro_e_Custas
229;Ofício expedido pelo desembargador relator.;Andamentos_Processuais
2727;Backup dos documentos de Banco Meridional realizado com sucesso.;Gestão_de_Documentos
4182;Workflow iniciado: revisão documental do processo de Distribuidora Central.;Tarefas_e_Delegações_Interna
998;Requisitada informação à autoridade coatora em mandado de segurança.;Andamentos_Processuais
3923;Importante: A sessão do tribunal do júri foi adiada para o próximo mês. Evite a preclusão.;Prazos_e_Audiências
4795;Solicitação de suporte: verificar pendência financeira de Banco Meridional.;Tarefas_e_Delegações_Interna
2478;Comprovante de renda pendente de assinatura digital via DocuSign.;Gestão_de_Documentos
3549;A audiência de oitiva de testemunhas ocorrerá de forma 100% virtual. Revise os memoriais.;Prazos_e_Audiências
1816;Custo de averbação em cartório confirmado pela controladoria jurídica.;Financeiro_e_Custas
1740;Urgente: O depósito judicial foi aprovado e notificação enviada.;Financeiro_e_Custas
483;Recurso de apelação recebido na 6ª Vara Federal.;Andamentos_Processuais
553;Aviso de movimentação: Determinada a penhora online.;Andamentos_Processuais
853;Expedição de alvará judicial eletrônico no Tribunal Regional Federal da 3ª Região.;Andamentos_Processuais
1716;Reembolso de diligência aprovado no sistema interno.;Financeiro_e_Custas
2657;Status interno: A ficha de cadastro foi protocolada internamente na nuvem corporativa.;Gestão_de_Documentos
128;Julgamento virtual iniciado na 8ª Vara de Execuções Fiscais.;Andamentos_Processuais
2954;Status interno: O contrato de locação foi digitalizado em alta resolução no dossiê previdenciário.;Gestão_de_Documentos
4394;Aviso interno: A controladoria jurídica assumiu a revisão da contestação para a reunião de sexta.;Tarefas_e_Delegações_Interna
3161;A sessão de julgamento foi cancelada pelo juízo. Notifique o cliente.;Prazos_e_Audiências
4465;Lembrete: O gestor do departamento delegou o preenchimento do timesheet para alinhamento estratégico.;Tarefas_e_Delegações_Interna
183;Juntada de AR de intimação positivo. Notificação enviada por e-mail.;Andamentos_Processuais
4933;Reunião interna marcada para discutir a estratégia do caso Distribuidora Central.;Tarefas_e_Delegações_Interna
1789;Aviso: O reembolso de diligência foi creditado para conferência.;Financeiro_e_Custas
2978;Cópias das conversas de WhatsApp formatadas e salvas para prova.;Gestão_de_Documentos
2534;Atenção: O holerite do reclamante foi assinado digitalmente no dossiê previdenciário.;Gestão_de_Documentos
4228;Departamento tributário finalizou a revisão dos cálculos do processo de Banco Meridional.;Tarefas_e_Delegações_Interna
3475;O prazo para contrarrazões inicia-se amanhã. O estagiário já incluiu na agenda.;Prazos_e_Audiências
1899;Precatório referente ao processo da parte autora.;Financeiro_e_Custas
293;Status do processo: Autos remetidos à conclusão. Vista às partes por 5 dias.;Andamentos_Processuais
4976;Aviso interno: O Dr. Carlos conferiu a planilha de clientes referente ao caso Silva.;Tarefas_e_Delegações_Interna
87;Revogação de liminar anteriormente deferida no processo do reclamante.;Andamentos_Processuais
4950;Aviso interno: A equipe trabalhista aprovou o cadastro da ação como prioridade 1.;Tarefas_e_Delegações_Interna
3587;Prazo para impugnação ao cumprimento de sentença iniciado no processo de Transportadora Rios.;Prazos_e_Audiências
3502;A audiência de oitiva de testemunhas foi cancelada pelo juízo. Notifique o cliente com urgência.;Prazos_e_Audiências
4531;Reunião interna marcada para discutir a estratégia do caso Maria Santos.;Tarefas_e_Delegações_Interna
3243;Prazo para contestação iniciado no processo de Banco Meridional.;Prazos_e_Audiências
1780;Custas complementares referente ao processo de Empresa Ômega Serviços.;Financeiro_e_Custas
3865;Lembrete: A sessão de julgamento teve o horário antecipado. Verifique no PJe.;Prazos_e_Audiências
3347;Prazo para contestação vence em 5 dias úteis.;Prazos_e_Audiências
3733;Aviso de pauta: A audiência de custódia será presencial no fórum.;Prazos_e_Audiências
2301;A declaração de hipossuficiência foi assinada digitalmente via aplicativo do escritório.;Gestão_de_Documentos
4227;Lembrete: O coordenador da equipe pediu a revisão da contestação e notificou os envolvidos.;Tarefas_e_Delegações_Interna
3086;Sessão de julgamento presencial confirmada para o processo da reclamada.;Prazos_e_Audiências
729;Bloqueio de valores restou infrutífero. Notificação enviada por e-mail.;Andamentos_Processuais
3106;Atenção: O prazo para contrarrazões expira amanhã às 18h.;Prazos_e_Audiências
1094;Pagamento pendente: As custas complementares foram recolhidas na conta do escritório.;Financeiro_e_Custas
3213;Urgente: O prazo peremptório vence nesta sexta-feira. Prepare a documentação.;Prazos_e_Audiências
4466;Tarefa atribuída: revisar o contrato do caso Condomínio Jardim das Flores.;Tarefas_e_Delegações_Interna
1809;Lançamento de despesa de viagem no valor de R$ 2.500,00 com vencimento para amanhã.;Financeiro_e_Custas
2423;Upload falhou: O substabelecimento está pendente de assinatura para instrução probatória.;Gestão_de_Documentos
3839;Alerta de prazo: O prazo para juntada de documentos está suspenso.;Prazos_e_Audiências
4062;Advogado pleno devolveu a minuta do acordo com apontamentos de revisão.;Tarefas_e_Delegações_Interna
4066;Departamento tributário finalizou a revisão dos cálculos do processo de Empresa Ômega Serviços.;Tarefas_e_Delegações_Interna
1751;Nota fiscal emitida com sucesso no valor de R$ 22.000,00 para a conta do escritório.;Financeiro_e_Custas
2330;Atenção: O dossiê do cliente excedeu o limite de tamanho no sistema interno do escritório.;Gestão_de_Documentos
1546;Comprovante de transferência bancária aguardando compensação bancária.;Financeiro_e_Custas
528;Autos remetidos à conclusão na Vara de Família. Notifique-se o cliente da decisão.;Andamentos_Processuais
114;Inserida restrição via Renajud nos veículos do réu.;Andamentos_Processuais
4744;A Dra. Mariana revisou a conferência de prazos via Microsoft Teams.;Tarefas_e_Delegações_Interna
1953;Parcelamento de honorários referente ao processo de Transportadora Rios.;Financeiro_e_Custas
4300;Nova delegação: O Dr. Rafael atribuiu a reunião de equipe com máxima urgência.;Tarefas_e_Delegações_Interna
2770;Aviso: o contrato de honorários foi corrompido durante o upload.;Gestão_de_Documentos
873;Conflito de competência suscitado no 1º Juizado Especial Cível. Aguardando manifestação da parte contrária.;Andamentos_Processuais
1632;Pagamento do perito assistente no valor de R$ 2.500,00.;Financeiro_e_Custas
2953;Atualização: A ata notarial foi encaminhada ao setor paralegal.;Gestão_de_Documentos
337;Atualização processual: Suspensão do processo decretada. Confira o teor no sistema.;Andamentos_Processuais
1220;Pagamento pendente: As custas processuais foram confirmadas.;Financeiro_e_Custas
1035;Comprovante de PIX no valor de R$ 5.000,00.;Financeiro_e_Custas
2041;Documento: A documentação anexada foi protocolada internamente.;Gestão_de_Documentos
3959;Lembrete: A audiência trabalhista foi designada para hoje às 14h. A parte contrária já foi intimada.;Prazos_e_Audiências
4516;O gestor do departamento transferiu o resumo do processo com máxima urgência.;Tarefas_e_Delegações_Interna
2698;Upload falhou: A escritura do imóvel está pendente de assinatura.;Gestão_de_Documentos
1284;Urgente: O depósito judicial venceu na conta do escritório.;Financeiro_e_Custas
1434;O pagamento do perito venceu.;Financeiro_e_Custas
4021;Status da tarefa: A Dra. Fernanda marcou o despacho com o juiz na sala de conferências.;Tarefas_e_Delegações_Interna
2000;Confirmação: O bloqueio Sisbajud foi lançado no portal do tribunal.;Financeiro_e_Custas
2989;A cliente anexou a certidão de casamento no portal do escritório.;Gestão_de_Documentos
2142;Contrato de honorários digitalizado e indexado no sistema.;Gestão_de_Documentos
424;Urgente: Embargos de declaração rejeitados. Aguardando a intimação do réu.;Andamentos_Processuais
2649;Extrato bancário convertido para PDF e salvo no sistema.;Gestão_de_Documentos
3665;Perícia contábil registrada na pauta do dia 21/2.;Prazos_e_Audiências
323;Habilitação de herdeiros deferida na 14ª Vara de Família. Vista às partes por 5 dias.;Andamentos_Processuais
164;Atualização processual: Expedido alvará eletrônico no Juizado Especial.;Andamentos_Processuais
1731;Os valores bloqueados foram expedidos.;Financeiro_e_Custas
538;Atualização processual: Apelação interposta pelo relator. Vista às partes por 5 dias.;Andamentos_Processuais
3796;O prazo para juntada de documentos termina em 48 horas. Notifique o cliente.;Prazos_e_Audiências
2817;Backup dos documentos da reclamada realizado com sucesso.;Gestão_de_Documentos
4397;Solicitação de suporte: verificar status do processo de Empresa Ômega Serviços.;Tarefas_e_Delegações_Interna
3239;Lembrete: A sessão de julgamento foi cancelada pelo juízo.;Prazos_e_Audiências
2815;Alerta: O termo de acordo foi fragmentado em partes.;Gestão_de_Documentos
3053;O prazo para juntada de procuração foi prorrogado pelo juiz.;Prazos_e_Audiências
4640;Status da tarefa: O estagiário solicitou o preenchimento do timesheet sem dilação de prazo.;Tarefas_e_Delegações_Interna
3647;Audiência de justificação confirmada para o processo de Banco Meridional.;Prazos_e_Audiências
168;Embargos de declaração acolhidos no processo nº 0062091-63.2021.8.16.0003. Publicação no Diário Oficial de hoje.;Andamentos_Processuais
1041;Solicitado o reembolso de custas adiantadas pelo escritório.;Financeiro_e_Custas
4347;Prioridade alta: O advogado pleno marcou a pauta de audiências e aguarda aprovação.;Tarefas_e_Delegações_Interna
3824;Alerta de prazo: O prazo prescricional encerra-se na próxima semana. Prepare a documentação.;Prazos_e_Audiências
2917;A procuração ad judicia foi protocolada na rede interna para cumprimento de prazo.;Gestão_de_Documentos
4573;O fechamento da pauta interna de audiências da semana foi concluído.;Tarefas_e_Delegações_Interna
1473;Urgente: As despesas de viagem foram confirmadas.;Financeiro_e_Custas
3712;O prazo para rol de testemunhas foi prorrogado pelo juiz. Revise os memoriais antes da data.;Prazos_e_Audiências
2931;Upload falhou: A certidão de nascimento passou por OCR e está pesquisável na subpasta de atos constitutivos.;Gestão_de_Documentos
4587;Coordenador solicitou revisão do contrato de honorários antes do envio ao cliente.;Tarefas_e_Delegações_Interna
4906;Departamento tributário finalizou a revisão dos cálculos do processo de Condomínio Jardim das Flores.;Tarefas_e_Delegações_Interna
150;Urgente: Suspensão do processo decretada. O prazo recursal inicia-se amanhã.;Andamentos_Processuais
2074;O holerite do reclamante foi fragmentado em partes para conferência final.;Gestão_de_Documentos
3245;Atenção: A audiência de conciliação será presencial no fórum. O estagiário já incluiu na agenda.;Prazos_e_Audiências
1948;As despesas de viagem foram efetuadas.;Financeiro_e_Custas
4284;Status da tarefa: A coordenadora cível devolveu o protocolo do recurso na sala de conferências.;Tarefas_e_Delegações_Interna
4722;Aviso interno: O advogado pleno atribuiu o protocolo do recurso para despacho com o magistrado.;Tarefas_e_Delegações_Interna
3199;Oitiva do perito remarcada para a próxima semana.;Prazos_e_Audiências
670;Juntada de ofício respondido pelo Bacenjud.;Andamentos_Processuais
797;Manifestação pericial anexada no Juizado Especial. Vista às partes por 5 dias.;Andamentos_Processuais
4165;Lembrete: enviar o extrato bancário até o fim do dia.;Tarefas_e_Delegações_Interna
1762;Honorários contratuais compensados.;Financeiro_e_Custas
1706;Confirmação: Os honorários contratuais foram confirmados.;Financeiro_e_Custas
219;Exceção de pré-executividade rejeitada no processo nº 0080842-75.2024.8.26.0003. Publicação no Diário Oficial de hoje.;Andamentos_Processuais
2437;Planilha de cálculos arquivada na pasta digital do processo.;Gestão_de_Documentos
666;Reconsideração de decisão anterior indeferida no processo nº 0029533-26.2021.8.21.0002.;Andamentos_Processuais
2132;Atenção: O parecer técnico foi assinado digitalmente.;Gestão_de_Documentos
85;Andamento: Acórdão publicado pelo relator. Vista às partes por 5 dias.;Andamentos_Processuais
4481;Sua peça processual foi devolvida com comentários da revisão.;Tarefas_e_Delegações_Interna
1941;Confirmação: Os honorários de sucumbência foram realizados e anexado aos autos.;Financeiro_e_Custas
2443;Grupo beta ltda anexou o contrato de honorários no portal do escritório.;Gestão_de_Documentos
1591;Pagamento pendente: As custas processuais estão pendentes no portal do tribunal.;Financeiro_e_Custas
3458;Importante: O prazo para manifestação foi devolvido por 10 dias. O sistema já foi atualizado.;Prazos_e_Audiências
2313;A carta de preposição precisa ser reencaminhada para uso na audiência de amanhã.;Gestão_de_Documentos
3833;Atenção: A audiência de custódia teve o horário antecipado. O sistema já foi atualizado.;Prazos_e_Audiências
1131;Urgente: Os honorários de sucumbência foram lançados no portal do tribunal.;Financeiro_e_Custas
4748;Nova delegação: O estagiário atribuiu a reunião de equipe no sistema ERP.;Tarefas_e_Delegações_Interna
3217;O prazo de embargos de declaração inicia-se amanhã. Notifique o cliente.;Prazos_e_Audiências
213;Embargos de declaração opostos no Tribunal de Justiça.;Andamentos_Processuais
2799;Upload falhou: O substabelecimento excedeu o limite de tamanho para conferência final.;Gestão_de_Documentos
3208;Reunião pré-audiência com o cliente agendada para amanhã às 09h.;Prazos_e_Audiências
3643;Prazo para contestação é fatal, sem possibilidade de prorrogação.;Prazos_e_Audiências
267;Andamento: Embargos de declaração rejeitados. Verifique o andamento no tribunal.;Andamentos_Processuais
2018;Termo de audiência convertido para PDF e salvo no sistema.;Gestão_de_Documentos
1354;Comprovante de transferência bancária e o comprovante anexado aos autos.;Financeiro_e_Custas
990;Vista ao Ministério Público. Confira o teor no sistema.;Andamentos_Processuais
1690;Pagamento pendente: O depósito recursal no valor de R$ 4.000,00 foi realizado pelo setor financeiro.;Financeiro_e_Custas
195;Aviso de movimentação: Juntada de petição. O prazo recursal inicia-se amanhã.;Andamentos_Processuais
138;Autos remetidos à conclusão na 12ª Vara Federal. Cumpra-se com urgência.;Andamentos_Processuais
2976;Aviso: A declaração de hipossuficiência foi fragmentada em partes via aplicativo do escritório.;Gestão_de_Documentos
2410;Documento: O relatório médico foi enviado por e-mail.;Gestão_de_Documentos
2830;Atenção: A guia de custas foi protocolada internamente via plataforma DocuSign.;Gestão_de_Documentos
1792;Confirmação: Os valores bloqueados foram efetuados pela controladoria.;Financeiro_e_Custas
4796;Solicitação de suporte: verificar pendência financeira de Silva & Cia.;Tarefas_e_Delegações_Interna
2554;Contestação movida para a pasta de arquivo morto.;Gestão_de_Documentos
120;Novo despacho proferido. Notificação enviada por e-mail.;Andamentos_Processuais
919;Andamento: Embargos de declaração rejeitados no sistema PJe.;Andamentos_Processuais
3773;Alerta de prazo: A audiência trabalhista foi remarcada para sexta-feira. Evite a preclusão.;Prazos_e_Audiências
4865;Solicitação de suporte: verificar duplicidade de cadastro de Consórcio Nordeste.;Tarefas_e_Delegações_Interna
2222;O contrato de honorários foi enviado para o e-mail do cliente.;Gestão_de_Documentos
4965;Status da tarefa: A equipe cível agendou o feedback individual para a reunião de sexta.;Tarefas_e_Delegações_Interna
305;Aviso de movimentação: Decisão interlocutória proferida no Juizado Especial. Aguardando a intimação do réu.;Andamentos_Processuais
2421;Aviso: A certidão negativa de débitos passou por OCR e está pesquisável e o cliente já foi notificado.;Gestão_de_Documentos
3590;Atenção: O prazo em dobro para a Fazenda foi devolvido por 10 dias.;Prazos_e_Audiências
1027;Confirmação: As despesas de viagem no valor de R$ 9.500,00 foram recolhidas no portal do tribunal.;Financeiro_e_Custas
1950;Faturamento: A retenção de imposto foi recebida.;Financeiro_e_Custas
3214;O prazo para apresentar rol de testemunhas encerra amanhã.;Prazos_e_Audiências
3667;Atenção: A audiência de oitiva de testemunhas foi designada para hoje às 14h.;Prazos_e_Audiências
732;Expedição de alvará judicial eletrônico no 1º Juizado Especial Cível. Vista às partes por 5 dias.;Andamentos_Processuais
4594;Lembrete: protocolar a carteira de trabalho até hoje às 18h.;Tarefas_e_Delegações_Interna
3678;A audiência de conciliação teve o horário antecipado. A parte contrária já foi intimada.;Prazos_e_Audiências
1791;Os honorários de sucumbência foram quitados no sistema interno.;Financeiro_e_Custas
1748;Pedido de estorno solicitado no portal do tribunal.;Financeiro_e_Custas
3350;Importante: O prazo de embargos de declaração foi prorrogado por 5 dias. Não perca o horário estabelecido.;Prazos_e_Audiências
421;Sentença proferida no processo nº 0033505-45.2021.8.15.0001. Publicação no Diário Oficial de hoje.;Andamentos_Processuais
4205;A controladoria jurídica encerrou o protocolo do recurso e notificou os envolvidos.;Tarefas_e_Delegações_Interna
250;Andamento: Baixa definitiva dos autos pelo juízo deprecante. Prazo comum aberto.;Andamentos_Processuais
4643;Solicitação de suporte: verificar status do processo de Construtora Alfa Ltda.;Tarefas_e_Delegações_Interna
1594;Guia de custas finais emitida no valor de R$ 2.500,00.;Financeiro_e_Custas
2260;Assinatura eletrônica do contrato de honorários pendente.;Gestão_de_Documentos
2866;Upload falhou: O arquivo PDF excedeu o limite de tamanho e o cliente já foi notificado.;Gestão_de_Documentos
2406;Aviso: A certidão de nascimento foi enviada por e-mail.;Gestão_de_Documentos
1608;Pagamento pendente: As custas complementares foram geradas pela controladoria.;Financeiro_e_Custas
2748;Aviso: O dossiê do cliente foi assinado digitalmente e o cliente já foi notificado.;Gestão_de_Documentos
1091;Comprovante de recolhimento de custas anexado ao sistema financeiro.;Financeiro_e_Custas
1230;Pagamento pendente: Os honorários de sucumbência foram expedidos e notificação enviada.;Financeiro_e_Custas
137;Suspensão do processo por 30 dias na 12ª Vara da Fazenda Pública. Consulte a íntegra no e-Proc.;Andamentos_Processuais
1544;Despesa de tradução juramentada aguardando aprovação da diretoria.;Financeiro_e_Custas
3462;Prazo para embargos de declaração é fatal, sem possibilidade de prorrogação.;Prazos_e_Audiências
537;Urgente: Expedido alvará eletrônico. Cumpra-se com urgência.;Andamentos_Processuais
366;Autos conclusos para decisão no processo de Condomínio Jardim das Flores.;Andamentos_Processuais
1010;Aviso: A fatura mensal foi lançada e notificação enviada.;Financeiro_e_Custas
4092;Coordenador aprovou a planilha de cálculos antes do envio ao cliente.;Tarefas_e_Delegações_Interna
1067;Alerta financeiro: O depósito judicial venceu conforme tabela da OAB.;Financeiro_e_Custas
1413;Boleto de honorários emitido no valor de R$ 20.000,00 referente ao mês vigente.;Financeiro_e_Custas
2678;O relatório médico está aguardando validação do gestor pelo assistente jurídico.;Gestão_de_Documentos
2775;Backup dos documentos de Farmácias Reunidas Ltda realizado com sucesso.;Gestão_de_Documentos
3578;Urgente: A sessão de mediação teve o horário antecipado. Verifique no PJe.;Prazos_e_Audiências
4408;A equipe tributária delegou o protocolo do recurso para alinhamento estratégico.;Tarefas_e_Delegações_Interna
4124;Solicitação de suporte: verificar status do processo de Maria Santos.;Tarefas_e_Delegações_Interna
3797;Sessão de julgamento virtual designada para hoje às 15h, na 7ª Vara Empresarial.;Prazos_e_Audiências
3593;O prazo para contrarrazões vence hoje. Prepare a documentação.;Prazos_e_Audiências
3498;Oitiva de testemunha marcada para a próxima terça-feira às 15h.;Prazos_e_Audiências
3189;Alerta de prazo: A audiência de justificação está aguardando o link. Verifique no PJe.;Prazos_e_Audiências
1857;Honorários de êxito no valor de R$ 2.500,00.;Financeiro_e_Custas
221;Expedido mandado de citação na 10ª Vara de Família. Confira no portal do e-SAJ.;Andamentos_Processuais
1173;Aviso: A guia de custas foi creditada na conta do escritório.;Financeiro_e_Custas
763;Urgente: Sentença de mérito publicada. Aguardando manifestação das partes.;Andamentos_Processuais
1108;Guia de recolhimento da União (GRU) emitida no valor de R$ 9.500,00.;Financeiro_e_Custas
3556;Urgente: O prazo para manifestação foi devolvido por 10 dias.;Prazos_e_Audiências
3755;Aviso de pauta: O prazo prescricional está suspenso. Prepare a documentação.;Prazos_e_Audiências
1082;Fatura mensal vencida.;Financeiro_e_Custas
1713;Alvará judicial de levantamento aguardando aprovação da diretoria.;Financeiro_e_Custas
2333;Status interno: A escritura do imóvel foi fragmentada em partes no dossiê previdenciário.;Gestão_de_Documentos
3818;Urgente: O prazo para recurso inominado está suspenso.;Prazos_e_Audiências
2338;Parecer técnico revisado e pronto para envio ao cliente.;Gestão_de_Documentos
1227;Faturamento: A penhora online foi efetuada e enviado ao cliente.;Financeiro_e_Custas
3768;O prazo para manifestação sobre o laudo foi prorrogado pelo juiz.;Prazos_e_Audiências
1577;Precatório aguardando compensação bancária.;Financeiro_e_Custas
1256;Nota fiscal de prestação de serviços emitida no valor de R$ 500,00.;Financeiro_e_Custas
4376;O coordenador da equipe finalizou o cadastro da ação sem dilação de prazo.;Tarefas_e_Delegações_Interna
352;Urgente: Suspensão do processo decretada. Consulte a íntegra no e-Proc.;Andamentos_Processuais
976;Extinção do processo com resolução do mérito.;Andamentos_Processuais
263;Autos recebidos da instância superior no PJe.;Andamentos_Processuais
2097;O contrato de locação foi salvo na pasta digital para conferência final.;Gestão_de_Documentos
4388;Lembrete: A Dra. Mariana finalizou a reunião de equipe para a reunião de sexta.;Tarefas_e_Delegações_Interna
3552;Aviso de pauta: O prazo para contestação foi devolvido por 10 dias.;Prazos_e_Audiências
4365;Aviso interno: O coordenador da equipe encerrou o workflow da tarefa sobre o novo cliente.;Tarefas_e_Delegações_Interna
3803;A sessão de julgamento virtual será presencial no fórum. Evite a perda da oportunidade legal.;Prazos_e_Audiências
3017;Urgente: A audiência admonitória será presencial no fórum. O sistema já foi atualizado.;Prazos_e_Audiências
3585;Sustentação oral remarcada para daqui a 10 dias.;Prazos_e_Audiências
4161;Status da tarefa: A advogada júnior cancelou a reunião de equipe para alinhamento estratégico.;Tarefas_e_Delegações_Interna
1447;Planilha de débitos judiciais aguardando compensação bancária.;Financeiro_e_Custas
3784;Audiência de justificação registrada na pauta do dia 17/1.;Prazos_e_Audiências
2697;Minuta de acordo revisada e pronta para envio ao cliente.;Gestão_de_Documentos
2499;Atualização: O laudo pericial foi enviado por e-mail.;Gestão_de_Documentos
3183;A audiência de conciliação está confirmada para hoje.;Prazos_e_Audiências
3995;Oitiva de testemunha registrada na pauta do dia 8/12.;Prazos_e_Audiências
1463;Penhora online confirmada na conta no valor integral da condenação.;Financeiro_e_Custas
4834;Prioridade: A equipe tributária aprovou a estratégia de defesa e aguarda sua validação.;Tarefas_e_Delegações_Interna
4921;Atenção equipe: A estagiária solicitou a análise de viabilidade para a revisão final do sócio.;Tarefas_e_Delegações_Interna
1990;Alerta financeiro: Os honorários contratuais no valor de R$ 7.500,00 foram creditados com sucesso.;Financeiro_e_Custas
4994;Status da tarefa: A equipe tributária revisou a conferência de prazos na sala de conferências.;Tarefas_e_Delegações_Interna
3390;Importante: O prazo para réplica encerra-se na próxima semana. Prepare a documentação.;Prazos_e_Audiências
4802;Workflow encerrado: triagem de novos casos do processo de Indústria Delta S.A.;Tarefas_e_Delegações_Interna
1756;Penhora online referente ao processo de Distribuidora Central.;Financeiro_e_Custas
1139;Faturamento: A guia DARE no valor de R$ 8.500,00 foi recolhida e notificação enviada.;Financeiro_e_Custas
3294;Atenção: A audiência admonitória foi adiada para o próximo mês. Não perca o horário estabelecido.;Prazos_e_Audiências
2934;Contrato social categorizado na caixa de entrada do sistema.;Gestão_de_Documentos
4880;Nova delegação: A Dra. Fernanda atribuiu a pesquisa jurisprudencial na sala de conferências.;Tarefas_e_Delegações_Interna
1818;Alerta financeiro: As despesas de viagem foram atualizadas.;Financeiro_e_Custas
4238;Tarefa atribuída: ligar para o cliente do caso João Pereira.;Tarefas_e_Delegações_Interna
2295;Assinatura eletrônica do extrato bancário pendente.;Gestão_de_Documentos
3349;O prazo para recurso inominado encerra-se na próxima sexta-feira.;Prazos_e_Audiências
2322;Alerta: A certidão de nascimento excedeu o limite de tamanho pelo assistente jurídico.;Gestão_de_Documentos
3740;A reunião de tentativa de acordo acontecerá na sala 3 do CEJUSC. Verifique os autos para mais detalhes.;Prazos_e_Audiências
4565;Prioridade: O setor paralegal cancelou o comitê de avaliação e o prazo interno vence hoje.;Tarefas_e_Delegações_Interna
2643;A ficha de cadastro foi corrompida durante o upload e o cliente já foi notificado.;Gestão_de_Documentos
2016;Status interno: O holerite do reclamante foi salvo na pasta digital para instrução probatória.;Gestão_de_Documentos
3287;Audiência de conciliação registrada na pauta do dia 6/12.;Prazos_e_Audiências
3446;A audiência de conciliação foi designada para amanhã. Notifique o cliente com urgência.;Prazos_e_Audiências
2481;O arquivo PDF foi fragmentado em partes para cumprimento de prazo.;Gestão_de_Documentos
1776;Nota fiscal de prestação de serviços gerada e enviada ao e-mail de Comércio XYZ.;Financeiro_e_Custas
2712;O RG atualizado do cliente foi salvo na pasta do cliente para cumprimento de prazo.;Gestão_de_Documentos
495;Revogada a liminar anteriormente deferida. Vista ao réu para impugnação.;Andamentos_Processuais
1559;Parcelamento de honorários no valor de R$ 3.000,00.;Financeiro_e_Custas
4755;Sócio diretor delegou a elaboração do extrato bancário para você.;Tarefas_e_Delegações_Interna
3117;Prazo para réplica expira amanhã.;Prazos_e_Audiências
940;Autos remetidos à contadoria judicial para cálculo.;Andamentos_Processuais
16;Decisão interlocutória proferida nos autos da ação. O processo segue tramitação normal.;Andamentos_Processuais
3122;Audiência de justificação marcada para hoje às 16h.;Prazos_e_Audiências
802;Redistribuição do processo por dependência.;Andamentos_Processuais
4766;Solicitação de suporte: verificar duplicidade de cadastro de Distribuidora Central.;Tarefas_e_Delegações_Interna
3093;Prazo para impugnação ao cumprimento de sentença iniciado no processo de Consórcio Nordeste.;Prazos_e_Audiências
1658;As custas complementares foram geradas.;Financeiro_e_Custas
1080;Pagamento pendente: Os honorários de sucumbência foram emitidos com sucesso.;Financeiro_e_Custas
4966;Workflow encerrado: revisão documental do processo de Indústria Delta S.A.;Tarefas_e_Delegações_Interna
191;Revogada a liminar anteriormente deferida. Publicação no Diário Oficial de hoje.;Andamentos_Processuais
3580;Urgente: A audiência admonitória teve o horário antecipado.;Prazos_e_Audiências
1290;Guia de preparo recursal emitida no valor de R$ 25.000,00.;Financeiro_e_Custas
3151;Seu prazo para embargos de declaração acaba em 3 dias.;Prazos_e_Audiências
1497;Confirmação: As custas processuais foram realizadas pela controladoria.;Financeiro_e_Custas
2190;Atualização: A procuração ad judicia foi corrompida durante o upload para instrução probatória.;Gestão_de_Documentos
1825;Cálculo de liquidação de sentença aguardando aprovação da diretoria.;Financeiro_e_Custas
1677;Custas de citação pendentes e notificação enviada ao financeiro.;Financeiro_e_Custas
1339;Confirmação: A penhora online no valor de R$ 7.000,00 foi lançada pela controladoria.;Financeiro_e_Custas
3020;Atenção: O prazo para recurso inominado foi prorrogado por 5 dias. Evite a preclusão.;Prazos_e_Audiências
1388;O depósito recursal no valor de R$ 6.000,00 foi cancelado aguardando aprovação da diretoria.;Financeiro_e_Custas
3748;Aviso de pauta: O prazo para contestação vence nesta sexta-feira.;Prazos_e_Audiências
2522;Atenção: O laudo pericial foi encaminhado ao setor paralegal para conferência final.;Gestão_de_Documentos
4060;Lembrete: A equipe cível revisou o feedback individual para alinhamento estratégico.;Tarefas_e_Delegações_Interna
2272;Documento: O dossiê do cliente foi corrompido durante o upload e arquivado de forma definitiva.;Gestão_de_Documentos
4654;Lembrete: A Dra. Mariana pediu o preenchimento do timesheet e notificou os envolvidos.;Tarefas_e_Delegações_Interna
955;Baixa definitiva dos autos no processo nº 0031636-22.2021.8.20.0001. Publicação no Diário Oficial de hoje.;Andamentos_Processuais
589;Atualização processual: Carta precatória expedida pela secretaria da vara. Prazo comum aberto.;Andamentos_Processuais
1121;Pagamento do perito efetuado no valor de R$ 24.000,00 pela controladoria jurídica.;Financeiro_e_Custas
2163;O relatório médico foi encaminhado ao setor paralegal pelo sócio responsável.;Gestão_de_Documentos
4820;Lembrete: enviar o contrato de honorários até hoje às 18h.;Tarefas_e_Delegações_Interna
224;Resultado de pesquisa Sisbajud: bloqueio parcial realizado.;Andamentos_Processuais
4633;Lembrete: Dra. Camila cancelou o comitê de avaliação na sala de reuniões principal.;Tarefas_e_Delegações_Interna
1737;Despesa de correio (AR) no valor de R$ 800,00.;Financeiro_e_Custas
2179;A procuração ad judicia foi protocolada na rede interna.;Gestão_de_Documentos
1193;Guia DARE gerada e enviada ao e-mail da parte autora.;Financeiro_e_Custas
3323;Prazo para contestação consta registrado na pauta processual do dia 23/2.;Prazos_e_Audiências
2510;Status interno: A escritura do imóvel foi fragmentada em partes.;Gestão_de_Documentos
237;Ofício expedido na 17ª Vara da Fazenda Pública. Vista às partes por 5 dias.;Andamentos_Processuais
2290;Upload falhou: O contrato de locação foi protocolado internamente.;Gestão_de_Documentos
2337;A documentação anexada foi salva na pasta digital.;Gestão_de_Documentos
3756;Atenção: A audiência de conciliação foi designada para hoje às 14h.;Prazos_e_Audiências
3674;Prazo para pagamento do preparo recursal expira na sexta-feira.;Prazos_e_Audiências
1466;As custas complementares foram aprovadas com sucesso.;Financeiro_e_Custas
1611;Nota fiscal cancelada no valor de R$ 5.500,00 aguardando aprovação da diretoria.;Financeiro_e_Custas
1214;Os honorários contratuais foram aprovados.;Financeiro_e_Custas
3525;Importante: O prazo prescricional foi prorrogado por 5 dias. Não perca o horário estabelecido.;Prazos_e_Audiências
3691;Atenção: A sessão de julgamento foi cancelada pelo juízo. O estagiário já incluiu na agenda.;Prazos_e_Audiências
1164;Faturamento: As custas processuais foram quitadas.;Financeiro_e_Custas
4695;Solicitação interna: agendar call de alinhamento com a nova cliente.;Tarefas_e_Delegações_Interna
3263;Urgente: A audiência de oitiva de testemunhas ocorrerá de forma 100% virtual.;Prazos_e_Audiências
2563;Aviso: A ata notarial foi corrompida durante o upload.;Gestão_de_Documentos
295;Autos remetidos à conclusão no Diário da Justiça Eletrônico. Confira o teor no sistema.;Andamentos_Processuais
1480;Aviso: Os honorários contratuais venceram.;Financeiro_e_Custas
381;Inclusão em pauta de julgamento colegiado no processo de Transportadora Rios.;Andamentos_Processuais
2329;Documentação de qualificação do réu recebida por e-mail.;Gestão_de_Documentos
3762;Audiência de custódia designada para a próxima quarta-feira às 9h30, na 18ª Vara Cível.;Prazos_e_Audiências
4457;Lembrete: A Dra. Mariana cancelou o feedback individual para despacho com o magistrado.;Tarefas_e_Delegações_Interna
1107;Alerta financeiro: A penhora online foi cancelada com vencimento para amanhã.;Financeiro_e_Custas
4069;Nova delegação: Dr. Roberto agendou uma reunião de alinhamento antes do envio ao cliente.;Tarefas_e_Delegações_Interna
1206;Pagamento pendente: As custas processuais no valor de R$ 3.900,00 foram aprovadas aguardando compensação.;Financeiro_e_Custas
4064;Urgente: O sócio sênior assumiu a pauta de audiências para alinhamento estratégico.;Tarefas_e_Delegações_Interna
1551;Repasse ao cliente e o comprovante anexado aos autos.;Financeiro_e_Custas
3079;O prazo para manifestação sobre o laudo inicia-se amanhã.;Prazos_e_Audiências
3339;A audiência de conciliação foi remarcada para sexta-feira. Prepare a documentação.;Prazos_e_Audiências
1226;Alerta financeiro: Os valores bloqueados no valor de R$ 3.000,00 foram transferidos com acréscimo de multa.;Financeiro_e_Custas
4117;Workflow iniciado: triagem de novos casos do processo de Empresa Ômega Serviços.;Tarefas_e_Delegações_Interna
285;Andamento: Juntada de petição no portal eletrônico e-SAJ. Cumpra-se com urgência.;Andamentos_Processuais
1450;Confirmação: O reembolso de diligência foi transferido conforme determinação judicial.;Financeiro_e_Custas
1246;Confirmação: O acordo financeiro no valor de R$ 8.600,00 foi recolhido pela controladoria.;Financeiro_e_Custas
4607;Status da tarefa: A advogada júnior conferiu o preenchimento do timesheet para despacho com o magistrado.;Tarefas_e_Delegações_Interna
693;Determinado o bloqueio Sisbajud.;Andamentos_Processuais
3452;Importante: O prazo de embargos de declaração vence nesta sexta-feira. A parte contrária já foi intimada.;Prazos_e_Audiências
4061;Lembrete: finalizar o comprovante de renda até amanhã.;Tarefas_e_Delegações_Interna
292;Sentença julgada improcedente na 14ª Vara da Fazenda Pública. Disponibilizado no Diário da Justiça Eletrônico.;Andamentos_Processuais
2833;Atenção: O contrato de locação está pendente de assinatura e arquivado de forma definitiva.;Gestão_de_Documentos
1924;Pagamento pendente: O repasse ao cliente foi pago.;Financeiro_e_Custas
3519;Prazo para manifestação sobre o laudo pericial iniciado no processo da parte autora.;Prazos_e_Audiências
3851;A sessão de julgamento virtual está aguardando o link da vara.;Prazos_e_Audiências
3885;Oitiva do perito confirmada para o processo de Construtora Alfa Ltda.;Prazos_e_Audiências
1603;Parcelamento de honorários para conferência do sócio financeiro.;Financeiro_e_Custas
3809;Audiência de instrução e julgamento marcada para segunda-feira às 11h.;Prazos_e_Audiências
931;Reconsideração de decisão anterior indeferida no processo nº 0077654-41.2021.8.21.0002. Publicação no Diário Oficial de hoje.;Andamentos_Processuais
2396;O contrato de honorários foi encaminhado ao setor paralegal.;Gestão_de_Documentos
3827;Prazo para manifestação sobre o laudo pericial é fatal, sem possibilidade de prorrogação.;Prazos_e_Audiências
2962;Documento: O comprovante de pagamento foi digitalizado em alta resolução.;Gestão_de_Documentos
4215;Lembrete: protocolar a contestação até o fim do dia.;Tarefas_e_Delegações_Interna
3090;Atenção: O prazo para apelação termina em 48 horas. Prepare a documentação.;Prazos_e_Audiências
923;Acórdão publicado no processo nº 0093841-18.2023.8.23.0002. Publicação no Diário Oficial de hoje.;Andamentos_Processuais
3453;Aviso de pauta: A audiência de instrução foi cancelada pelo juízo.;Prazos_e_Audiências
2094;O contrato de honorários foi rejeitado pelo tribunal e o cliente já foi notificado.;Gestão_de_Documentos
2742;Atenção: O comprovante de pagamento foi anexado com sucesso e arquivado de forma definitiva.;Gestão_de_Documentos
375;Recurso inominado recebido no efeito devolutivo.;Andamentos_Processuais
2394;Atualização: O relatório médico foi salvo na pasta digital.;Gestão_de_Documentos
4710;Coordenador aprovou a procuração antes do envio ao cliente.;Tarefas_e_Delegações_Interna
4767;Aviso interno: O estagiário marcou a reunião de equipe para alinhamento estratégico.;Tarefas_e_Delegações_Interna
2524;O substabelecimento excedeu o limite de tamanho e arquivado de forma definitiva.;Gestão_de_Documentos
1255;Cálculo de liquidação atualizado pelo setor financeiro.;Financeiro_e_Custas
2550;Documentação: o RG atualizado do cliente foi fragmentado em múltiplas partes.;Gestão_de_Documentos
4641;Lembrete: Protocolar a contestação na sala de reuniões principal.;Tarefas_e_Delegações_Interna
216;Recurso extraordinário inadmitido no processo de Banco Meridional.;Andamentos_Processuais
3180;A sessão de julgamento virtual será presencial no fórum. Prepare a documentação necessária.;Prazos_e_Audiências
2739;Falha no upload do parecer técnico: arquivo corrompido.;Gestão_de_Documentos
4690;A coordenadora cível finalizou a análise de viabilidade como prioridade 1.;Tarefas_e_Delegações_Interna
984;Aviso de movimentação: Apelação interposta. Consulte a íntegra no e-Proc.;Andamentos_Processuais
1016;Cálculo de liquidação atualizado no valor de R$ 24.000,00 conforme tabela da OAB.;Financeiro_e_Custas
3479;A audiência de instrução acontecerá na sala 2.;Prazos_e_Audiências
3648;Audiência una confirmada para o processo da parte autora.;Prazos_e_Audiências
2205;Alerta: O contrato de locação passou por OCR e está pesquisável.;Gestão_de_Documentos
3254;Lembrete: O prazo para contrarrazões não comporta mais dilação.;Prazos_e_Audiências
2865;Atenção: O dossiê do cliente foi encaminhado ao setor paralegal e arquivado de forma definitiva.;Gestão_de_Documentos
1151;Guia de custas finais emitida no valor de R$ 22.000,00.;Financeiro_e_Custas
3159;Alerta de prazo: A sessão do tribunal do júri será presencial no fórum. Atenção ao calendário interno.;Prazos_e_Audiências
3133;Atenção: A audiência de instrução teve o horário antecipado. Prepare a documentação.;Prazos_e_Audiências
1607;Pagamento pendente: Os honorários de sucumbência no valor de R$ 9.600,00 estão pendentes conforme tabela da OAB.;Financeiro_e_Custas
3769;Alerta de prazo: O prazo de embargos de declaração vence hoje.;Prazos_e_Audiências
3300;Perícia médica confirmada para o processo de Farmácias Reunidas Ltda.;Prazos_e_Audiências
3288;Alerta de prazo: O prazo comum às partes foi prorrogado por 5 dias.;Prazos_e_Audiências
833;Ato ordinatório praticado na 12ª Vara Cível.;Andamentos_Processuais
4131;Workflow iniciado: revisão documental do processo de Grupo Beta Ltda.;Tarefas_e_Delegações_Interna
708;Mandado de intimação expedido no processo nº 0055438-23.2021.8.20.0003.;Andamentos_Processuais
4346;Reunião interna marcada para discutir a estratégia do caso João Pereira.;Tarefas_e_Delegações_Interna
1485;Pagamento pendente: Os valores bloqueados foram efetuados na conta do escritório.;Financeiro_e_Custas
2981;Alerta: A ficha de cadastro está disponível para download.;Gestão_de_Documentos
1273;As despesas de viagem no valor de R$ 9.000,00 foram quitadas com acréscimo de multa.;Financeiro_e_Custas
4415;A equipe tributária aprovou a reunião de equipe para a reunião de sexta.;Tarefas_e_Delegações_Interna
4296;Sócio sênior delegou o protocolo da certidão de casamento para você.;Tarefas_e_Delegações_Interna
1343;Taxa de desarquivamento no valor de R$ 15.000,00.;Financeiro_e_Custas
2707;Procuração revisada e pronta para envio ao cliente.;Gestão_de_Documentos
2723;A certidão negativa de débitos excedeu o limite de tamanho na nuvem corporativa.;Gestão_de_Documentos
1240;A guia de custas foi paga pelo setor financeiro.;Financeiro_e_Custas
3231;Urgente: o prazo para juntada de procuração foi prorrogado pelo juiz.;Prazos_e_Audiências
2274;Indústria delta s.a. anexou o extrato bancário no portal do escritório.;Gestão_de_Documentos
2843;Aviso: A escritura do imóvel foi salva na pasta digital.;Gestão_de_Documentos
4106;Sócio sênior delegou o protocolo do termo de audiência para você.;Tarefas_e_Delegações_Interna
3166;Lembrete: O prazo de embargos de declaração não comporta mais dilação. Notifique o cliente.;Prazos_e_Audiências
1281;Urgente: Os honorários de sucumbência foram emitidos pelo setor financeiro.;Financeiro_e_Custas
3880;Audiência de instrução e julgamento confirmada para o processo de Seguradora Atlântica.;Prazos_e_Audiências
4143;Sócio solicitou a atualização cadastral do cliente no sistema interno.;Tarefas_e_Delegações_Interna
1190;Pagamento pendente: As custas complementares foram pagas no portal do tribunal.;Financeiro_e_Custas
260;Andamento: Embargos de declaração rejeitados na Vara da Fazenda Pública. O prazo recursal inicia-se amanhã.;Andamentos_Processuais
1135;Confirmação: A RPV no valor de R$ 3.200,00 foi recebida conforme tabela da OAB.;Financeiro_e_Custas
266;Resultado de pesquisa Renajud disponibilizado no 2º Juizado Especial Federal. Aguardando manifestação da parte contrária.;Andamentos_Processuais
1181;Confirmação: As custas complementares no valor de R$ 3.900,00 foram transferidas com sucesso.;Financeiro_e_Custas
1951;Honorários contratuais compensados no valor de R$ 5.000,00 com vencimento para amanhã.;Financeiro_e_Custas
182;Atenção: Determinada a penhora online na 1ª Vara Cível. Confira o teor no sistema.;Andamentos_Processuais
1652;Despesa com motoboy confirmada pela controladoria jurídica.;Financeiro_e_Custas
3293;Urgente: O prazo peremptório está suspenso. O estagiário já incluiu na agenda.;Prazos_e_Audiências
2560;Aviso: A ata notarial foi anexada com sucesso no portal do cliente.;Gestão_de_Documentos
3473;Audiência de custódia designada para sexta-feira às 10h, na 14ª Vara de Família.;Prazos_e_Audiências
4476;O sócio sênior conferiu a revisão da contestação antes do fim do expediente.;Tarefas_e_Delegações_Interna
1393;Faturamento: O repasse ao cliente foi cancelado e anexado aos autos.;Financeiro_e_Custas
3901;O prazo peremptório foi devolvido por 10 dias.;Prazos_e_Audiências
532;Urgente: Expedido alvará eletrônico na Vara de Família. Aguardando decurso de prazo.;Andamentos_Processuais
4492;Nova delegação: O sócio diretor marcou o feedback individual para alinhamento estratégico.;Tarefas_e_Delegações_Interna
61;Status do processo: Homologado o acordo. Aguardando manifestação das partes.;Andamentos_Processuais
4046;O setor paralegal solicitou a tese de defesa para a reunião de sexta.;Tarefas_e_Delegações_Interna
34;Aviso de movimentação: Sentença proferida pelo relator. Notifique-se o cliente da decisão.;Andamentos_Processuais
1241;Solicitação de verba aprovada aguardando compensação bancária.;Financeiro_e_Custas
1303;Faturamento: As custas processuais no valor de R$ 1.200,00 foram transferidas aguardando aprovação da diretoria.;Financeiro_e_Custas
921;Agravo de instrumento interposto.;Andamentos_Processuais
52;Reconsideração de decisão anterior indeferida no Tribunal Regional Federal da 5ª Região.;Andamentos_Processuais
2940;Documento: A petição inicial foi protocolada internamente.;Gestão_de_Documentos
1079;Confirmação: O precatório foi atualizado.;Financeiro_e_Custas
4597;Lembrete: finalizar a certidão de casamento até o fim do dia.;Tarefas_e_Delegações_Interna
698;Aviso de movimentação: Manifestação pericial anexada.;Andamentos_Processuais
3664;Aviso de pauta: A audiência de oitiva de testemunhas foi cancelada pelo juízo. Prepare a documentação.;Prazos_e_Audiências
991;Devolvido mandado não cumprido pelo oficial.;Andamentos_Processuais
2587;Status interno: A certidão de nascimento foi fragmentada em partes.;Gestão_de_Documentos
1223;Transferência judicial realizada no valor de R$ 8.000,00 para conferência do sócio.;Financeiro_e_Custas
3947;A audiência de justificação está aguardando o link da vara. Não perca o horário estabelecido.;Prazos_e_Audiências
2496;Status interno: O relatório médico foi salvo na pasta digital.;Gestão_de_Documentos
79;Certidão expedida pela secretaria da vara.;Andamentos_Processuais
4845;Atenção equipe: A Dra. Mariana atribuiu a pauta de audiências para despacho com o magistrado.;Tarefas_e_Delegações_Interna
697;Arquivamento do feito ordenado. Vista ao autor por 5 dias.;Andamentos_Processuais
258;Urgente: Embargos de declaração rejeitados no processo de execução. O prazo recursal inicia-se amanhã.;Andamentos_Processuais
585;Status do processo: Autos remetidos à conclusão. Cumpra-se com urgência.;Andamentos_Processuais
3043;Atenção: O prazo para alegações finais não comporta mais dilação. Prepare a documentação.;Prazos_e_Audiências
4734;Sócio diretor delegou a conferência do laudo pericial para você.;Tarefas_e_Delegações_Interna
768;Aviso de movimentação: Sentença proferida. Aguardando a intimação do réu.;Andamentos_Processuais
3013;Sessão de julgamento do júri designada para 10 de setembro.;Prazos_e_Audiências
4982;Departamento tributário finalizou a revisão dos cálculos do processo de João Pereira.;Tarefas_e_Delegações_Interna
1539;A guia de custas no valor de R$ 5.900,00 foi confirmada sem incidência de juros.;Financeiro_e_Custas
67;Atenção: Redistribuição do processo no portal eletrônico e-SAJ. Vista às partes por 5 dias.;Andamentos_Processuais
2785;Certidão de casamento movida para a pasta de arquivo morto.;Gestão_de_Documentos
3584;Urgente: O prazo para contrarrazões inicia-se amanhã. Não perca o horário estabelecido.;Prazos_e_Audiências
3064;Lembrete: O prazo para contestação foi prorrogado por 5 dias. Notifique o cliente.;Prazos_e_Audiências
2122;A guia de custas foi enviada por e-mail na nuvem corporativa.;Gestão_de_Documentos
4985;Atenção equipe: A estagiária transferiu a pesquisa jurisprudencial na sala de conferências.;Tarefas_e_Delegações_Interna
437;Andamento: Redistribuição do processo no Diário da Justiça Eletrônico. Vista às partes por 5 dias.;Andamentos_Processuais
2880;Certidão de nascimento revisada e pronta para envio ao cliente.;Gestão_de_Documentos
925;Status do processo: Redistribuição do processo. O processo segue tramitação normal.;Andamentos_Processuais
4632;Aviso interno: O advogado sênior agendou o despacho com o juiz e aguarda aprovação.;Tarefas_e_Delegações_Interna
1234;Alerta financeiro: As custas complementares foram expedidas na conta do escritório.;Financeiro_e_Custas
2457;Petição de juntada do comprovante de residência assinada com token OAB.;Gestão_de_Documentos
4936;O prazo interno para entrega desta minuta vence hoje às 18h.;Tarefas_e_Delegações_Interna
3685;Oitiva de testemunha registrada na pauta do dia 2/2.;Prazos_e_Audiências
909;Aviso de movimentação: Expedido mandado de citação. Aguardando decurso de prazo.;Andamentos_Processuais
3960;Sustentação oral confirmada para o processo de João Pereira.;Prazos_e_Audiências
2231;Upload falhou: A certidão de nascimento foi anexada com sucesso para conferência final.;Gestão_de_Documentos
1276;A guia DARE venceu.;Financeiro_e_Custas
3224;Alerta de prazo: A sessão do tribunal do júri está aguardando o link. O estagiário já incluiu na agenda.;Prazos_e_Audiências
151;Extinção do processo com resolução de mérito na 3ª Vara Criminal.;Andamentos_Processuais
2140;Alerta: O RG do cliente foi corrompido durante o upload e arquivado de forma definitiva.;Gestão_de_Documentos
3425;O prazo comum encerra-se na próxima sexta-feira. Verifique os autos para mais detalhes.;Prazos_e_Audiências
992;Prevenção de juízo declarada na 8ª Vara de Execuções Fiscais. Aguardando manifestação da parte contrária.;Andamentos_Processuais
4807;Status da tarefa alterado para 'Aguardando validação do gestor'.;Tarefas_e_Delegações_Interna
1;Determinação de bloqueio Sisbajud na 19ª Vara Federal. Vista às partes por 5 dias.;Andamentos_Processuais
3734;Atenção: A audiência de justificação será presencial no fórum. Evite a preclusão.;Prazos_e_Audiências
2261;O cliente anexou o contrato social no portal do escritório.;Gestão_de_Documentos
82;Embargos de declaração rejeitados pelo juízo deprecante. O processo segue tramitação normal.;Andamentos_Processuais
2195;Comprovantes de despesas médicas do mês foram indexados.;Gestão_de_Documentos
2823;Aviso: O contrato de honorários foi anexado com sucesso para uso na audiência.;Gestão_de_Documentos
2506;Atenção: A procuração ad judicia foi digitalizada em alta resolução.;Gestão_de_Documentos
2201;A certidão negativa de débitos foi assinada via certificado A3 pelo assistente jurídico.;Gestão_de_Documentos
3781;Urgente: a audiência de justificação está aguardando o link da vara.;Prazos_e_Audiências
3435;Oitiva do perito confirmada para o processo de Empresa Ômega Serviços.;Prazos_e_Audiências
1584;Guia de custas finais gerada.;Financeiro_e_Custas
2162;Erro de validação: o arquivo da procuração recebida está corrompido.;Gestão_de_Documentos
2388;Cópia autenticada da contestação solicitada ao cartório.;Gestão_de_Documentos
756;Aviso de movimentação: Apelação interposta. Vista às partes por 5 dias.;Andamentos_Processuais
4146;Aviso interno: O coordenador da equipe reagendou o feedback individual para a revisão final do sócio.;Tarefas_e_Delegações_Interna
1467;Guia de custas iniciais emitida no valor de R$ 25.000,00.;Financeiro_e_Custas
2708;Atenção: A guia de custas precisa ser reencaminhada.;Gestão_de_Documentos
1174;Segunda via de boleto emitida no valor de R$ 6.500,00.;Financeiro_e_Custas
409;Redistribuição do processo por dependência na 5ª Vara Trabalhista. Aguardando manifestação da parte contrária.;Andamentos_Processuais
558;Determinação de penhora de bens no PJe.;Andamentos_Processuais
2906;Upload da procuração ad judicia concluído com sucesso.;Gestão_de_Documentos
4524;Aviso interno: O Dr. Carlos concluiu a reunião de equipe e notificou os envolvidos.;Tarefas_e_Delegações_Interna
3744;Importante: O prazo para juntada de documentos não comporta mais dilação. A parte contrária já foi intimada.;Prazos_e_Audiências
1978;Pagamento pendente: Os honorários contratuais foram creditados sem incidência de juros.;Financeiro_e_Custas
4246;Atenção equipe: O sócio sênior cancelou a pauta de audiências com máxima urgência.;Tarefas_e_Delegações_Interna
2461;Procuração ad judicia renomeada conforme padrão do escritório.;Gestão_de_Documentos
2321;Atualização: O parecer técnico excedeu o limite de tamanho.;Gestão_de_Documentos
680;Recurso especial admitido pelo desembargador relator.;Andamentos_Processuais
2176;A guia de custas foi anexada com sucesso na nuvem corporativa.;Gestão_de_Documentos
105;Status do processo: Vista ao Ministério Público. Aguardando decurso de prazo.;Andamentos_Processuais
4692;Sócio sênior delegou a elaboração da planilha de cálculos para você.;Tarefas_e_Delegações_Interna
3560;Aviso de pauta: O prazo comum às partes vence nesta sexta-feira. Verifique no PJe.;Prazos_e_Audiências
4979;Sócio sênior delegou o protocolo da carteira de trabalho para você.;Tarefas_e_Delegações_Interna
2557;Atualização: A guia de custas foi rejeitada pelo tribunal no sistema interno do escritório.;Gestão_de_Documentos
1998;Guia de custas iniciais emitida pela controladoria jurídica.;Financeiro_e_Custas
2876;Documento: A ata notarial foi assinada digitalmente.;Gestão_de_Documentos
3869;A reunião de tentativa de acordo será presencial no fórum. Revise os memoriais antes da data.;Prazos_e_Audiências
1140;Nota fiscal cancelada no valor de R$ 15.000,00.;Financeiro_e_Custas
3884;Aviso de pauta: O prazo de 15 dias úteis foi devolvido por 10 dias. Notifique o cliente.;Prazos_e_Audiências
1505;Estorno de pagamento em duplicidade e o comprovante anexado aos autos.;Financeiro_e_Custas
4741;Estagiário foi designado para levantar a jurisprudência aplicável.;Tarefas_e_Delegações_Interna
2535;OCR aplicado na carteira de trabalho digitalizada.;Gestão_de_Documentos
2755;Procuração ad judicia movida para a pasta de arquivo morto.;Gestão_de_Documentos
1101;Nota fiscal de prestação de serviços emitida pela controladoria jurídica.;Financeiro_e_Custas
3160;Prazo para embargos de declaração iniciado no processo do executado.;Prazos_e_Audiências
912;Devolvido mandado não cumprido pelo oficial na 3ª Vara da Fazenda Pública. Publicação no Diário Oficial de hoje.;Andamentos_Processuais
2211;O relatório médico precisa ser reencaminhado na nuvem corporativa.;Gestão_de_Documentos
524;Atualização processual: Vista ao Ministério Público. Notifique-se o cliente da decisão.;Andamentos_Processuais
149;Atenção: Determinada a penhora online. O processo segue tramitação normal.;Andamentos_Processuais
957;Deferimento da tutela de urgência no processo nº 0062703-16.2022.8.25.0001. Publicação no Diário Oficial de hoje.;Andamentos_Processuais
3310;Prazo para alegações finais foi prorrogado por decisão judicial.;Prazos_e_Audiências
2838;O comprovante de residência precisa ser reencaminhado.;Gestão_de_Documentos
445;Aviso de movimentação: Redistribuição do processo no Juizado Especial. O processo segue tramitação normal.;Andamentos_Processuais
141;Designação de perícia contábil.;Andamentos_Processuais
170;Deferido o pedido de gratuidade de justiça. Vista ao autor por 5 dias.;Andamentos_Processuais
209;Retificação de autuação processual na 17ª Vara da Fazenda Pública.;Andamentos_Processuais
4595;Lembrete: Estagiário marcou um feedback individual.;Tarefas_e_Delegações_Interna
4945;Lembrete: Advogado pleno encerrou o workflow da tarefa.;Tarefas_e_Delegações_Interna
4242;Relatório semanal de Construtora Alfa Ltda foi validado pela diretoria.;Tarefas_e_Delegações_Interna
9;Ato ordinatório praticado. Confira o teor no sistema.;Andamentos_Processuais
1720;Fatura mensal vencida com vencimento para amanhã.;Financeiro_e_Custas
4249;Workflow iniciado: conferência financeira do processo de Indústria Delta S.A.;Tarefas_e_Delegações_Interna
2502;O comprovante de residência excedeu o limite de tamanho do sistema pelo sócio.;Gestão_de_Documentos
4299;Urgente: Dr. Roberto atribuiu a tarefa de redigir o recurso antes do envio ao cliente.;Tarefas_e_Delegações_Interna
4999;O departamento cível atribuiu a tarefa de redigir o recurso.;Tarefas_e_Delegações_Interna
4911;Atenção equipe: A advogada júnior pediu o resumo do processo com máxima urgência.;Tarefas_e_Delegações_Interna
4627;Lembrete: O gestor do departamento finalizou a triagem de documentos para amanhã cedo.;Tarefas_e_Delegações_Interna
1468;Aviso: A despesa de cartório foi recolhida com vencimento para amanhã.;Financeiro_e_Custas
4663;Lembrete: A equipe cível transferiu o protocolo do recurso antes do fim do expediente.;Tarefas_e_Delegações_Interna
197;Distribuído por prevenção o novo recurso ao relator do processo originário.;Andamentos_Processuais
3770;Prazo para contestação consta registrado na pauta processual do dia 25/10.;Prazos_e_Audiências
3872;Urgente: A audiência trabalhista foi cancelada pelo juízo. A parte contrária já foi intimada.;Prazos_e_Audiências
1667;A fatura mensal foi recolhida aguardando aprovação da diretoria.;Financeiro_e_Custas
1022;Fatura referente a horas consultivas referente ao processo de Distribuidora Central.;Financeiro_e_Custas
2062;Atenção: A ata notarial foi fragmentada em partes.;Gestão_de_Documentos
3996;Lembrete: A sessão de mediação foi designada para hoje às 14h. A parte contrária já foi intimada.;Prazos_e_Audiências
658;Trânsito em julgado certificado no processo de execução.;Andamentos_Processuais
3957;O prazo prescricional inicia-se amanhã. Notifique o cliente com urgência.;Prazos_e_Audiências
3345;Prazo para impugnação ao cumprimento de sentença foi prorrogado por decisão judicial.;Prazos_e_Audiências
1199;Confirmação: As despesas de viagem foram pagas com vencimento para amanhã.;Financeiro_e_Custas
2245;O termo de acordo foi assinado digitalmente.;Gestão_de_Documentos
481;Atenção: Baixa definitiva dos autos.;Andamentos_Processuais
223;Mandado de segurança denegado na 5ª Vara Trabalhista. Aguardando manifestação das partes.;Andamentos_Processuais
4348;Urgente: elaborar a contestação — o prazo interno vence hoje.;Tarefas_e_Delegações_Interna
2729;Upload falhou: A declaração de hipossuficiência foi enviada por e-mail pelo sócio responsável.;Gestão_de_Documentos
3097;Perícia contábil registrada na pauta do dia 21/7.;Prazos_e_Audiências
4508;Tarefa atribuída: atualizar a planilha de acompanhamento do caso Transportadora Rios.;Tarefas_e_Delegações_Interna
3761;Atenção: A audiência de instrução foi adiada para o próximo mês. O sistema já foi atualizado.;Prazos_e_Audiências
3415;Importante: O prazo em dobro para a Fazenda não comporta mais dilação.;Prazos_e_Audiências
1676;Guia de custas iniciais emitida no valor de R$ 15.000,00.;Financeiro_e_Custas
3919;Sessão de julgamento virtual registrada na pauta do dia 5/7.;Prazos_e_Audiências
4946;Nova delegação: Elaborar a contestação e aguarda sua validação.;Tarefas_e_Delegações_Interna
623;Extinção do processo sem resolução de mérito na 1ª Vara Cível.;Andamentos_Processuais
4676;Urgente: O estagiário devolveu a minuta do acordo e notificou os envolvidos.;Tarefas_e_Delegações_Interna
3518;O prazo para embargos de declaração foi devolvido por 10 dias. O sistema PJe já foi atualizado.;Prazos_e_Audiências
1892;Aviso: As despesas de viagem venceram.;Financeiro_e_Custas
466;Aviso de movimentação: Expedido alvará eletrônico no sistema PJe. Aguardando manifestação das partes.;Andamentos_Processuais
788;Atualização processual: Decisão interlocutória proferida na 3ª Vara Criminal. Aguardando a intimação do réu.;Andamentos_Processuais
2467;A documentação anexada excedeu o limite de tamanho.;Gestão_de_Documentos
3392;Aviso de pauta: O prazo prescricional vence hoje.;Prazos_e_Audiências
1044;Boleto de honorários contratuais emitido com sucesso.;Financeiro_e_Custas
3693;Prazo para juntada de documentos complementares vence em 2 dias corridos.;Prazos_e_Audiências
864;Atenção: Homologado o acordo na 3ª Vara Criminal. O prazo recursal inicia-se amanhã.;Andamentos_Processuais
1479;Despesa de correio (AR) no valor de R$ 12.000,00.;Financeiro_e_Custas
3175;A sessão de mediação familiar ocorrerá de forma 100% virtual. Revise os memoriais antes da data.;Prazos_e_Audiências
2177;Aviso: O relatório médico está disponível para download pelo assistente jurídico.;Gestão_de_Documentos
3021;O prazo comum acaba em 48 horas.;Prazos_e_Audiências
3100;O prazo comum acaba em 48 horas. Atenção ao calendário interno.;Prazos_e_Audiências
2555;Upload falhou: O termo de acordo está disponível para download no dossiê previdenciário.;Gestão_de_Documentos
397;Decretada a revelia do réu na 6ª Vara Criminal. Aguardando manifestação das partes.;Andamentos_Processuais
811;Urgente: Homologado o acordo na Vara de Família. Aguardando decurso de prazo.;Andamentos_Processuais
3745;Lembrete: A sessão do tribunal do júri foi adiada para o próximo mês. A parte contrária já foi intimada.;Prazos_e_Audiências
3253;Importante: A audiência de oitiva de testemunhas ocorrerá de forma 100% virtual. O estagiário já incluiu na agenda.;Prazos_e_Audiências
4590;Lembrete: A equipe tributária convocou todos para a reunião mensal.;Tarefas_e_Delegações_Interna
2913;Falha no upload do comprovante de residência: arquivo corrompido.;Gestão_de_Documentos
546;Status do processo: Recebidos os autos.;Andamentos_Processuais
1464;Bloqueio Sisbajud para conferência do sócio financeiro.;Financeiro_e_Custas
3391;O prazo para preparo recursal vence hoje. O sistema PJe já foi atualizado.;Prazos_e_Audiências
4656;Aviso interno: O estagiário encerrou a pesquisa jurisprudencial com máxima urgência.;Tarefas_e_Delegações_Interna
4637;Status da tarefa: O setor paralegal revisou o cadastro da ação para a revisão final do sócio.;Tarefas_e_Delegações_Interna
3686;Atenção: A sessão de mediação está aguardando o link. A parte contrária já foi intimada.;Prazos_e_Audiências
3816;Audiência de conciliação confirmada para o processo de Transportadora Rios.;Prazos_e_Audiências
1176;Pagamento pendente: Os honorários contratuais foram atualizados conforme determinação judicial.;Financeiro_e_Custas
4237;Aviso interno: A equipe trabalhista conferiu a conferência de prazos e aguarda aprovação.;Tarefas_e_Delegações_Interna
440;Autos remetidos ao Tribunal de Justiça. Publicação no Diário Oficial de hoje.;Andamentos_Processuais
4018;Status da tarefa: O gestor do departamento conferiu a auditoria de processos via Microsoft Teams.;Tarefas_e_Delegações_Interna
3404;Audiência de conciliação remarcada para a próxima semana.;Prazos_e_Audiências
3098;Aviso de pauta: O prazo para apelação vence nesta sexta-feira. Revise os memoriais.;Prazos_e_Audiências
1964;Nota fiscal cancelada no valor de R$ 8.500,00 e notificação enviada ao financeiro.;Financeiro_e_Custas
1700;Guia de custas recursais emitida no valor de R$ 1.800,00.;Financeiro_e_Custas
256;Urgente: Manifestação pericial anexada.;Andamentos_Processuais
2240;Pasta do processo físico foi desarquivada e está na recepção.;Gestão_de_Documentos
4145;Aviso interno: Elaborar a planilha de clientes e aguarda sua validação.;Tarefas_e_Delegações_Interna
4543;Workflow encerrado: revisão documental do processo de Silva & Cia.;Tarefas_e_Delegações_Interna
2663;Procuração ad judicia pendente de assinatura digital via DocuSign.;Gestão_de_Documentos
446;Recebidos os autos pelo Tribunal de Justiça. Consulte a íntegra no e-Proc.;Andamentos_Processuais
2652;Falha no upload da contestação: arquivo corrompido.;Gestão_de_Documentos
425;Ofício expedido na 6ª Vara Federal. Aguardando manifestação da parte contrária.;Andamentos_Processuais
1258;Urgente: A penhora online no valor de R$ 8.600,00 foi cancelada pelo setor financeiro.;Financeiro_e_Custas
109;Atenção: Apelação interposta. Aguardando a intimação do réu.;Andamentos_Processuais
4005;Lembrete: enviar a petição inicial até sexta-feira.;Tarefas_e_Delegações_Interna
345;Urgente: Determinada a penhora online. Notifique-se o cliente da decisão.;Andamentos_Processuais
2750;RG atualizado movido para a pasta de arquivo morto.;Gestão_de_Documentos
97;Atualização processual: Indeferida a liminar no Diário da Justiça Eletrônico. Consulte a íntegra no e-Proc.;Andamentos_Processuais
1719;Urgente: As custas complementares foram recebidas aguardando compensação.;Financeiro_e_Custas
24;Aviso de movimentação: Homologado o acordo pela secretaria da vara.;Andamentos_Processuais
3891;Perícia médica marcada para hoje às 16h.;Prazos_e_Audiências
3037;Sessão de julgamento virtual designada para amanhã às 9h, na 17ª Vara da Fazenda Pública.;Prazos_e_Audiências
1020;Nota fiscal cancelada referente ao processo de Condomínio Jardim das Flores.;Financeiro_e_Custas
3355;A audiência de conciliação teve o horário antecipado. O estagiário já incluiu na agenda.;Prazos_e_Audiências
3244;Alerta de prazo: O prazo para recurso inominado vence nesta sexta-feira. O sistema já foi atualizado.;Prazos_e_Audiências
2356;Nova pasta compartilhada criada para os documentos de João Pereira.;Gestão_de_Documentos
62;Atenção: Baixa definitiva dos autos. Vista às partes por 5 dias.;Andamentos_Processuais
4222;O advogado pleno encerrou a elaboração de quesitos como prioridade 1.;Tarefas_e_Delegações_Interna
627;Andamento: Homologado o acordo no sistema PJe.;Andamentos_Processuais
1810;Nota fiscal de prestação de serviços gerada e enviada ao e-mail do reclamante.;Financeiro_e_Custas
165;Extinção do processo com resolução de mérito no Tribunal Regional do Trabalho.;Andamentos_Processuais
1583;Nota fiscal cancelada no valor de R$ 20.500,00 e baixada no sistema.;Financeiro_e_Custas
2215;Documento: A certidão negativa de débitos foi enviada por e-mail.;Gestão_de_Documentos
4898;Tarefa atribuída: atualizar a planilha de acompanhamento do caso Farmácias Reunidas Ltda.;Tarefas_e_Delegações_Interna
4900;Solicitação de suporte: verificar duplicidade de cadastro de Silva & Cia.;Tarefas_e_Delegações_Interna
4556;O sócio diretor conferiu a tese de defesa e aguarda aprovação.;Tarefas_e_Delegações_Interna
55;Atualização processual: Suspensão do processo decretada pelo Tribunal de Justiça. Prazo comum aberto.;Andamentos_Processuais
597;Status do processo: Apelação interposta. Notifique-se o cliente da decisão.;Andamentos_Processuais
2621;Atenção: O parecer técnico está pendente de assinatura para cumprimento de prazo.;Gestão_de_Documentos
2702;Comprovante de residência renomeado conforme padrão do escritório.;Gestão_de_Documentos
265;Atualização processual: Agravo de instrumento recebido.;Andamentos_Processuais
540;Revogação de liminar anteriormente deferida no processo de Consórcio Nordeste.;Andamentos_Processuais
723;Impugnação ao cumprimento de sentença recebida no Tribunal de Justiça.;Andamentos_Processuais
688;Andamento: Manifestação pericial anexada no Juizado Especial. Cumpra-se com urgência.;Andamentos_Processuais
4383;O sócio diretor marcou o despacho com o juiz para a revisão final do sócio.;Tarefas_e_Delegações_Interna
4385;Departamento tributário finalizou a revisão dos cálculos do processo de Farmácias Reunidas Ltda.;Tarefas_e_Delegações_Interna
2548;Upload falhou: O holerite do reclamante foi protocolado internamente.;Gestão_de_Documentos
1510;Alerta financeiro: A penhora online foi quitada.;Financeiro_e_Custas
644;Status do processo: Autos remetidos à conclusão na Vara de Família. O prazo recursal inicia-se amanhã.;Andamentos_Processuais
2476;Atenção: A certidão negativa de débitos foi assinada digitalmente.;Gestão_de_Documentos
3262;Importante: A sessão de mediação será presencial no fórum.;Prazos_e_Audiências
110;Redistribuição do processo na 3ª Vara Criminal. O prazo recursal inicia-se amanhã.;Andamentos_Processuais
4358;Sócio sênior delegou a revisão da certidão de nascimento para você.;Tarefas_e_Delegações_Interna
3049;A audiência de conciliação foi designada para amanhã. O sistema PJe já foi atualizado.;Prazos_e_Audiências
3341;Prazo para apresentação de recurso vence em 7 dias corridos.;Prazos_e_Audiências
975;Status do processo: Embargos de declaração rejeitados.;Andamentos_Processuais
3481;Prazo para emenda à petição inicial consta registrado na pauta processual do dia 1/3.;Prazos_e_Audiências
4688;Sócio sênior delegou a elaboração da declaração de imposto de renda para você.;Tarefas_e_Delegações_Interna
1937;Depósito recursal referente ao processo de Distribuidora Central.;Financeiro_e_Custas
1528;Guia DARE emitida pela controladoria jurídica.;Financeiro_e_Custas
4229;Lembrete: A equipe trabalhista pediu a minuta do acordo referente ao caso Silva.;Tarefas_e_Delegações_Interna
4444;O advogado pleno transferiu a tese de defesa para despacho com o magistrado.;Tarefas_e_Delegações_Interna
4714;Urgente: A Dra. Fernanda pediu a elaboração de quesitos no sistema ERP.;Tarefas_e_Delegações_Interna
3634;Lembrete: A audiência de instrução foi cancelada pelo juízo. Revise os memoriais.;Prazos_e_Audiências
2189;Nova pasta compartilhada criada para os documentos de Farmácias Reunidas Ltda.;Gestão_de_Documentos
4344;Lembrete: O estagiário aprovou o feedback individual com máxima urgência.;Tarefas_e_Delegações_Interna
2212;Aviso: A certidão de nascimento excedeu o limite de tamanho.;Gestão_de_Documentos
3820;Prazo para alegações finais consta registrado na pauta processual do dia 1/8.;Prazos_e_Audiências
389;Redistribuição por dependência à vara preventiva.;Andamentos_Processuais
4756;Tarefa urgente: ligar para o cartório e verificar status do ofício.;Tarefas_e_Delegações_Interna
1394;Repasse ao cliente finalizado para conferência do sócio.;Financeiro_e_Custas
1337;Alerta financeiro: Os honorários de sucumbência foram creditados pela controladoria.;Financeiro_e_Custas
4674;Nova delegação: A Dra. Mariana devolveu a planilha de clientes para alinhamento estratégico.;Tarefas_e_Delegações_Interna
2965;Documento: O parecer técnico está disponível para download no dossiê previdenciário.;Gestão_de_Documentos
3337;Aviso de pauta: A audiência trabalhista foi adiada para o próximo mês. Não perca o horário estabelecido.;Prazos_e_Audiências
3985;Atenção: O prazo prescricional está suspenso. Não perca o horário estabelecido.;Prazos_e_Audiências
731;Reconsideração de decisão anterior indeferida no Superior Tribunal de Justiça.;Andamentos_Processuais
4735;Coordenador solicitou revisão do contrato social antes do envio ao cliente.;Tarefas_e_Delegações_Interna
4763;Prioridade alta: O sócio diretor solicitou a minuta do acordo para amanhã cedo.;Tarefas_e_Delegações_Interna
2651;Atenção: O laudo pericial foi encaminhado ao setor paralegal.;Gestão_de_Documentos
611;Urgente: Determinada a penhora online na Vara da Fazenda Pública. Confira o teor no sistema.;Andamentos_Processuais
308;Expedição de alvará judicial eletrônico no processo nº 0083396-42.2023.8.22.0003.;Andamentos_Processuais
4328;Nova delegação: O setor paralegal delegou a triagem de documentos antes do fim do expediente.;Tarefas_e_Delegações_Interna
814;Autos remetidos à instância superior na 5ª Vara Trabalhista. Aguardando manifestação da parte contrária.;Andamentos_Processuais
254;Atenção: Recebidos os autos. O processo segue tramitação normal.;Andamentos_Processuais
3128;Prazo para pagamento do preparo recursal é fatal, sem possibilidade de prorrogação.;Prazos_e_Audiências
1545;A taxa de desarquivamento no valor de R$ 6.200,00 foi gerada conforme determinação judicial.;Financeiro_e_Custas
1870;Urgente: O reembolso de diligência no valor de R$ 7.700,00 está pendente com sucesso.;Financeiro_e_Custas
571;Atenção: Apelação interposta. Aguardando manifestação das partes.;Andamentos_Processuais
350;Carta rogatória expedida no PJe.;Andamentos_Processuais
2599;Atualização: O contrato social foi corrompido durante o upload no dossiê previdenciário.;Gestão_de_Documentos
3373;A audiência de justificação acontecerá na sala 3 do CEJUSC.;Prazos_e_Audiências
3365;Alerta de prazo: O prazo para manifestação termina em 48 horas. O sistema já foi atualizado.;Prazos_e_Audiências
4491;Estagiário foi designado para fazer o resumo do processo.;Tarefas_e_Delegações_Interna
146;Atualização processual: Homologado o acordo. Verifique o andamento no tribunal.;Andamentos_Processuais
1158;Boleto de honorários emitido com acréscimo de multa contratual.;Financeiro_e_Custas
1294;As despesas de viagem no valor de R$ 2.400,00 foram aprovadas pela controladoria.;Financeiro_e_Custas
1585;Custas de citação para conferência do sócio financeiro.;Financeiro_e_Custas
1890;Despesa com motoboy referente ao processo de Distribuidora Central.;Financeiro_e_Custas
1514;Confirmação: O pagamento do perito no valor de R$ 9.300,00 foi quitado no portal do tribunal.;Financeiro_e_Custas
1077;Boleto de honorários contratuais emitido pela controladoria jurídica.;Financeiro_e_Custas
2862;Contrato de honorários categorizado na caixa de entrada do sistema.;Gestão_de_Documentos
4034;Aviso interno: O sócio sênior cancelou o feedback individual antes do fim do expediente.;Tarefas_e_Delegações_Interna
2433;Atenção: O comprovante de pagamento foi salvo na pasta digital na subpasta de atos constitutivos.;Gestão_de_Documentos
3317;Perícia contábil adiada a pedido de uma das partes.;Prazos_e_Audiências
3522;Atenção: A audiência admonitória está aguardando o link. A parte contrária já foi intimada.;Prazos_e_Audiências
322;Homologação de acordo entre as partes no processo do cliente corporativo.;Andamentos_Processuais
2317;Alerta: O comprovante de pagamento foi corrompido durante o upload.;Gestão_de_Documentos
3206;Urgente: A audiência de oitiva de testemunhas foi cancelada pelo juízo.;Prazos_e_Audiências
583;Cumprimento de sentença iniciado no processo nº 0061233-69.2024.8.26.0002. Publicação no Diário Oficial de hoje.;Andamentos_Processuais
1969;Urgente: O comprovante de PIX no valor de R$ 3.700,00 foi cancelado conforme tabela da OAB.;Financeiro_e_Custas
3405;Perícia contábil confirmada para o processo de Grupo Beta Ltda.;Prazos_e_Audiências
1672;Urgente: As despesas de viagem foram expedidas na conta do escritório.;Financeiro_e_Custas
4530;Atenção equipe: A estagiária assumiu a auditoria de processos até as 18h.;Tarefas_e_Delegações_Interna
311;Sentença de mérito publicada na Vara de Família. Consulte a íntegra no e-Proc.;Andamentos_Processuais
2520;Documento: A documentação anexada foi fragmentada em partes para cumprimento de prazo.;Gestão_de_Documentos
1657;Urgente: As despesas de viagem no valor de R$ 8.500,00 venceram no portal do tribunal.;Financeiro_e_Custas
1926;Reembolso de viagem confirmado pela controladoria jurídica.;Financeiro_e_Custas
1488;Honorários periciais calculados e cobrados na fatura do cliente.;Financeiro_e_Custas
2717;Nova pasta compartilhada criada para os documentos do reclamante.;Gestão_de_Documentos
2784;Aviso: O contrato de locação foi rejeitado pelo tribunal.;Gestão_de_Documentos
3022;Alerta de prazo: O prazo para contrarrazões vence hoje. Revise os memoriais.;Prazos_e_Audiências
1861;Repasse ao cliente confirmado pela controladoria jurídica.;Financeiro_e_Custas
1322;Faturamento: As custas complementares foram recebidas pela controladoria.;Financeiro_e_Custas
299;Autos remetidos à conclusão pela secretaria da vara.;Andamentos_Processuais
2974;Certidão de casamento revisada e pronta para envio ao cliente.;Gestão_de_Documentos
1482;Pagamento pendente: As custas processuais foram creditadas no sistema interno.;Financeiro_e_Custas
3808;Prazo para impugnação ao cumprimento de sentença vence em 11 dias corridos.;Prazos_e_Audiências
71;Certidão de trânsito em julgado anexada no e-SAJ.;Andamentos_Processuais
4461;Sócio solicitou a atualização cadastral de Indústria Delta S.A. no sistema interno.;Tarefas_e_Delegações_Interna
1235;Confirmação: Os honorários de sucumbência foram lançados e notificação enviada.;Financeiro_e_Custas
2087;Assinatura eletrônica da procuração pendente.;Gestão_de_Documentos
2743;Upload falhou: O termo de acordo foi encaminhado ao setor paralegal.;Gestão_de_Documentos
2288;Status interno: A procuração ad judicia foi encaminhada ao setor paralegal.;Gestão_de_Documentos
4452;Reunião interna marcada para discutir a estratégia do caso Transportadora Rios.;Tarefas_e_Delegações_Interna
4923;Urgente: O setor paralegal cancelou o despacho com o juiz na sala de conferências.;Tarefas_e_Delegações_Interna
4244;Tarefa atualizada: A equipe tributária convocou todos para a reunião mensal com prioridade alta.;Tarefas_e_Delegações_Interna
1186;Urgente: A penhora online foi quitada e anexado aos autos.;Financeiro_e_Custas
3731;Alerta de prazo: O prazo para recurso inominado inicia-se amanhã. Não perca o horário estabelecido.;Prazos_e_Audiências
1150;Aviso: O depósito recursal foi realizado aguardando aprovação da diretoria.;Financeiro_e_Custas
2462;Documento: A ata notarial foi assinada digitalmente no sistema interno do escritório.;Gestão_de_Documentos
2273;Cópia autenticada do extrato bancário solicitada ao cartório.;Gestão_de_Documentos
4557;Urgente: O coordenador da equipe assumiu o resumo do processo como prioridade 1.;Tarefas_e_Delegações_Interna
3543;Atenção: O prazo para juntada de documentos termina em 48 horas.;Prazos_e_Audiências
284;Aviso de movimentação: Determinada a penhora online. Vista às partes por 5 dias.;Andamentos_Processuais
543;Intimação expedida via portal eletrônico. Vista ao réu para impugnação.;Andamentos_Processuais
752;Determinação de penhora de bens.;Andamentos_Processuais
1628;Retenção de imposto de renda referente ao processo de Banco Meridional.;Financeiro_e_Custas
3993;Lembrete: O prazo para contestação vence hoje.;Prazos_e_Audiências
3822;Prazo para apresentação de recurso consta registrado na pauta processual do dia 8/9.;Prazos_e_Audiências
2474;Assinatura eletrônica da petição inicial pendente.;Gestão_de_Documentos
4502;A secretaria agendou o despacho com o juiz na sala de conferências.;Tarefas_e_Delegações_Interna
2412;Documento: A certidão de nascimento foi corrompida durante o upload via plataforma DocuSign.;Gestão_de_Documentos
4750;Minuta do recurso de apelação enviada para revisão da coordenação.;Tarefas_e_Delegações_Interna
3420;Sessão de julgamento virtual registrada na pauta do dia 21/9.;Prazos_e_Audiências
4410;Sócio sênior delegou a revisão da réplica para você.;Tarefas_e_Delegações_Interna
1921;Urgente: Os honorários de sucumbência foram quitados e enviado ao cliente.;Financeiro_e_Custas
4683;Dr. Roberto atribuiu a tarefa de redigir o recurso.;Tarefas_e_Delegações_Interna
2227;Aviso: O comprovante de pagamento excedeu o limite de tamanho.;Gestão_de_Documentos
588;Atenção: Ato ordinatório praticado. Cumpra-se com urgência.;Andamentos_Processuais
1977;Urgente: Os honorários contratuais foram emitidos no portal do tribunal.;Financeiro_e_Custas
1219;RPV (Requisição de Pequeno Valor) aguardando aprovação da diretoria.;Financeiro_e_Custas
4334;Urgente: O advogado sênior cancelou o despacho com o juiz até as 18h.;Tarefas_e_Delegações_Interna
2232;Cartas de citação impressas e prontas para envio pelo correio.;Gestão_de_Documentos
1116;Boleto de honorários emitido pela controladoria jurídica.;Financeiro_e_Custas
661;Determinação de penhora de bens no processo da reclamada.;Andamentos_Processuais
3574;Aviso de pauta: a audiência de conciliação será presencial no fórum.;Prazos_e_Audiências
57;Urgente: Novo despacho proferido pela secretaria da vara. Aguardando manifestação das partes.;Andamentos_Processuais
1152;Os honorários contratuais no valor de R$ 1.400,00 foram aprovados com acréscimo de multa.;Financeiro_e_Custas
1245;Confirmação: Os honorários contratuais foram cancelados com vencimento para amanhã.;Financeiro_e_Custas
671;Status do processo: Ato ordinatório praticado pelo relator. Aguardando a intimação do réu.;Andamentos_Processuais
3335;Urgente: O prazo para apelação vence nesta sexta-feira.;Prazos_e_Audiências
758;Sentença de mérito publicada pelo relator. Aguardando a intimação do réu.;Andamentos_Processuais
4158;Atenção equipe: O setor paralegal transferiu o resumo do processo referente ao caso Silva.;Tarefas_e_Delegações_Interna
1709;As custas complementares foram canceladas conforme determinação judicial.;Financeiro_e_Custas
3418;Prazo peremptório não comporta dilação: vence irrevogavelmente amanhã.;Prazos_e_Audiências
1708;Aviso: Os honorários de sucumbência foram atualizados pelo setor financeiro.;Financeiro_e_Custas
2266;OCR aplicado na contestação digitalizada.;Gestão_de_Documentos
2831;Atenção: A documentação anexada foi salva na pasta digital e arquivado de forma definitiva.;Gestão_de_Documentos
118;Status do processo: Baixa definitiva dos autos pela secretaria da vara. Prazo comum aberto.;Andamentos_Processuais
2984;Alerta: o contrato social está aguardando validação do gestor.;Gestão_de_Documentos
1807;Alerta financeiro: Os honorários contratuais foram gerados conforme determinação judicial.;Financeiro_e_Custas
2768;Cópia autenticada da certidão de casamento solicitada ao cartório.;Gestão_de_Documentos
967;Aviso de movimentação: Expedido alvará eletrônico na 3ª Vara Criminal. Notifique-se o cliente da decisão.;Andamentos_Processuais
2613;Petição de juntada da procuração ad judicia assinada com token OAB.;Gestão_de_Documentos
3155;Audiência trabalhista adiada a pedido de uma das partes.;Prazos_e_Audiências
4263;Status da tarefa: A Dra. Mariana encerrou a planilha de clientes até as 18h.;Tarefas_e_Delegações_Interna
2234;Documento: A procuração ad judicia foi assinada digitalmente pelo sócio responsável.;Gestão_de_Documentos
95;Decretação de revelia da parte ré confirmada.;Andamentos_Processuais
4023;Aviso interno: O Dr. Carlos revisou a elaboração de quesitos para despacho com o magistrado.;Tarefas_e_Delegações_Interna
64;Atualização processual: Decisão interlocutória proferida. Verifique o andamento no tribunal.;Andamentos_Processuais
4320;Urgente: O sócio diretor assumiu a minuta do acordo e aguarda aprovação.;Tarefas_e_Delegações_Interna
4281;Workflow iniciado: triagem de novos casos do processo de Seguradora Atlântica.;Tarefas_e_Delegações_Interna
4297;Urgente: A equipe cível cancelou a pauta de audiências via Microsoft Teams.;Tarefas_e_Delegações_Interna
4882;Solicitação de suporte: verificar duplicidade de cadastro de Maria Santos.;Tarefas_e_Delegações_Interna
896;Carta rogatória expedida na 19ª Vara de Família. O processo segue tramitação normal.;Andamentos_Processuais
1387;Urgente: Os honorários de sucumbência no valor de R$ 600,00 foram aprovados pelo setor financeiro.;Financeiro_e_Custas
324;Mandado de segurança denegado na 17ª Vara Criminal. Confira no portal do e-SAJ.;Andamentos_Processuais
1081;Alerta financeiro: Os honorários contratuais no valor de R$ 7.200,00 foram emitidos e enviado ao cliente.;Financeiro_e_Custas
156;Aviso de movimentação: Redistribuição do processo. Verifique o andamento no tribunal.;Andamentos_Processuais
1272;Guia de custas iniciais emitida no valor de R$ 1.800,00.;Financeiro_e_Custas
1197;Confirmação: Os valores bloqueados no valor de R$ 7.700,00 foram realizados e anexado aos autos.;Financeiro_e_Custas
751;Andamento: Apelação interposta. Cumpra-se com urgência.;Andamentos_Processuais
3374;O prazo comum inicia-se amanhã. O sistema PJe já foi atualizado.;Prazos_e_Audiências
4149;Atenção equipe: O sócio sênior atribuiu a reunião de equipe referente ao caso Silva.;Tarefas_e_Delegações_Interna
1187;Custas complementares aguardando compensação bancária.;Financeiro_e_Custas
1038;Guia DARE recolhida aguardando aprovação da diretoria.;Financeiro_e_Custas
2095;Aviso: A ata notarial foi salva na pasta digital pelo assistente jurídico.;Gestão_de_Documentos
2253;Parecer técnico pendente de assinatura digital via DocuSign.;Gestão_de_Documentos
878;Prevenção de juízo declarada no PJe.;Andamentos_Processuais
4830;Sócio diretor delegou a conferência da réplica para você.;Tarefas_e_Delegações_Interna
2046;Atenção: O termo de acordo foi fragmentado em partes.;Gestão_de_Documentos
2690;Upload falhou: A documentação anexada foi enviada por e-mail e o cliente já foi notificado.;Gestão_de_Documentos
4624;Lembrete: O gestor do departamento validou o protocolo do recurso para alinhamento estratégico.;Tarefas_e_Delegações_Interna
2430;Procuração ad judicia digitalizada e indexada no sistema.;Gestão_de_Documentos
1548;Guia de preparo recursal paga.;Financeiro_e_Custas
3024;Lembrete: O prazo prescricional encerra-se na próxima semana.;Prazos_e_Audiências
1879;Aviso: A guia DARE foi transferida pelo setor financeiro.;Financeiro_e_Custas
236;Trânsito em julgado certificado.;Andamentos_Processuais
4958;Aviso interno: A equipe tributária validou a planilha de clientes e notificou os envolvidos.;Tarefas_e_Delegações_Interna
1353;Faturamento: O cálculo de liquidação está pendente conforme determinação judicial.;Financeiro_e_Custas
143;Expedição de carta de arrematação na 18ª Vara Cível. Aguardando manifestação da parte contrária.;Andamentos_Processuais
2544;Planilha de cálculos revisada e pronta para envio ao cliente.;Gestão_de_Documentos
3698;Prazo para impugnação ao cumprimento de sentença iniciado no processo de Construtora Alfa Ltda.;Prazos_e_Audiências
711;Status do processo: Redistribuição do processo pelo relator. Prazo comum aberto.;Andamentos_Processuais
1507;Alerta financeiro: O boleto de honorários no valor de R$ 3.700,00 foi atualizado aguardando aprovação da diretoria.;Financeiro_e_Custas
1768;Confirmação: A retenção de imposto foi confirmada e notificação enviada.;Financeiro_e_Custas
4935;A controladoria jurídica pediu a pauta de audiências para amanhã cedo.;Tarefas_e_Delegações_Interna
1370;Acordo de parcelamento de honorários formalizado em 12 vezes.;Financeiro_e_Custas
4259;Relatório semanal de Consórcio Nordeste foi validado pela diretoria.;Tarefas_e_Delegações_Interna
2009;Upload falhou: O comprovante de pagamento foi rejeitado pelo tribunal para instrução probatória.;Gestão_de_Documentos
3971;Audiência de instrução e julgamento confirmada para o processo de Transportadora Rios.;Prazos_e_Audiências
4780;Aviso interno: O gestor do departamento revisou o feedback individual via Microsoft Teams.;Tarefas_e_Delegações_Interna
4412;Relatório quinzenal de Silva & Cia foi validado pela diretoria.;Tarefas_e_Delegações_Interna
3147;Lembrete: A audiência de oitiva de testemunhas foi cancelada pelo juízo. O sistema já foi atualizado.;Prazos_e_Audiências
712;Status do processo: Juntada de petição na 3ª Vara Criminal. Aguardando a intimação do réu.;Andamentos_Processuais
895;Urgente: Apelação interposta. O prazo recursal inicia-se amanhã.;Andamentos_Processuais
3298;Importante: O prazo para contestação vence hoje.;Prazos_e_Audiências
3305;O prazo comum termina em 5 dias úteis. Notifique o cliente com urgência.;Prazos_e_Audiências
2098;Erro de sincronização impediu o salvamento da réplica.;Gestão_de_Documentos
3381;Audiência una confirmada para o processo do executado.;Prazos_e_Audiências
2952;Alerta: A ficha de cadastro foi salva na pasta digital via aplicativo do escritório.;Gestão_de_Documentos
2995;Termo de acordo extrajudicial protocolado na rede interna.;Gestão_de_Documentos
4370;Urgente: A Dra. Mariana marcou a reunião de equipe para amanhã cedo.;Tarefas_e_Delegações_Interna
2028;Certificado digital A3 do advogado titular expira em 15 dias.;Gestão_de_Documentos
3871;Prazo para cumprimento voluntário da sentença vence em 14 dias úteis.;Prazos_e_Audiências
3623;Atenção: O prazo para alegações finais vence nesta sexta-feira. Prepare a documentação.;Prazos_e_Audiências
2465;A procuração ad judicia foi enviada para o e-mail do cliente no sistema do escritório.;Gestão_de_Documentos
4179;Sócio diretor delegou a conferência da certidão de nascimento para você.;Tarefas_e_Delegações_Interna
1649;Faturamento: O pagamento do perito foi creditado no portal do tribunal.;Financeiro_e_Custas
1886;Confirmação: As despesas de viagem foram realizadas e notificação enviada.;Financeiro_e_Custas
2848;Documento: O comprovante de pagamento foi salvo na pasta digital.;Gestão_de_Documentos
3842;Inicia-se amanhã a fluência do prazo legal para contestar a ação.;Prazos_e_Audiências
2982;Atenção: A declaração de hipossuficiência está disponível para download.;Gestão_de_Documentos
1888;Penhora online para conferência do sócio financeiro.;Financeiro_e_Custas
4208;O checklist interno de preparação para a audiência foi preenchido.;Tarefas_e_Delegações_Interna
412;Embargos de declaração acolhidos com efeitos na 20ª Vara de Família. Publicação no Diário Oficial de hoje.;Andamentos_Processuais
3532;Lembrete: O prazo de embargos de declaração expira amanhã às 18h. Atenção ao calendário interno.;Prazos_e_Audiências
3883;Importante: A audiência de custódia foi cancelada pelo juízo. Não perca o horário estabelecido.;Prazos_e_Audiências
3271;O prazo para juntada de procuração não comporta mais dilação.;Prazos_e_Audiências
2908;O contrato de honorários foi fragmentado em partes.;Gestão_de_Documentos
4907;Coordenador aprovou a minuta de acordo antes do envio ao cliente.;Tarefas_e_Delegações_Interna
4894;Lembrete: A Dra. Mariana conferiu a reunião de equipe referente ao caso Silva.;Tarefas_e_Delegações_Interna
1138;Reembolso de diligência aprovado pela controladoria jurídica.;Financeiro_e_Custas
3152;Oitiva de testemunha cancelada e será reagendada em breve.;Prazos_e_Audiências
2868;Erro de sincronização impediu o salvamento do contrato social.;Gestão_de_Documentos
1533;Pagamento do perito efetuado no portal do tribunal.;Financeiro_e_Custas
4747;Sócio sênior delegou a revisão da petição inicial para você.;Tarefas_e_Delegações_Interna
1298;Penhora online confirmada na conta.;Financeiro_e_Custas
2896;Status interno: a petição inicial foi rejeitada pelo tribunal.;Gestão_de_Documentos
2955;Procuração pendente de assinatura digital via DocuSign.;Gestão_de_Documentos
1653;Guia de recolhimento da União (GRU) paga pelo setor financeiro.;Financeiro_e_Custas
200;Atualização processual: Carta precatória expedida. Aguardando manifestação das partes.;Andamentos_Processuais
4045;Nova delegação: A Dra. Fernanda agendou a reunião de equipe para amanhã cedo.;Tarefas_e_Delegações_Interna
3240;Prazo para apresentação de recurso é fatal, sem possibilidade de prorrogação.;Prazos_e_Audiências
13;Atualização processual: Vista ao Ministério Público na 1ª Vara Cível.;Andamentos_Processuais
4435;Lembrete: revisar o contrato de honorários até o fim do dia.;Tarefas_e_Delegações_Interna
4518;Lembrete: O advogado sênior solicitou a tese de defesa para amanhã cedo.;Tarefas_e_Delegações_Interna
935;Atualização processual: Deferida a tutela de urgência pela secretaria da vara. Vista às partes por 5 dias.;Andamentos_Processuais
4425;Lembrete: A equipe tributária atribuiu a redação da petição no sistema ERP.;Tarefas_e_Delegações_Interna
715;Andamento: Decisão interlocutória proferida na Vara da Fazenda Pública. Vista às partes por 5 dias.;Andamentos_Processuais
4846;Status da tarefa: O coordenador da equipe cancelou a pauta de audiências para a reunião de sexta.;Tarefas_e_Delegações_Interna
3994;Lembrete: O prazo para juntada de documentos não comporta mais dilação.;Prazos_e_Audiências
1571;Aviso: Os valores bloqueados foram efetuados e enviado ao cliente.;Financeiro_e_Custas
2985;Aviso: A escritura do imóvel foi rejeitada pelo tribunal.;Gestão_de_Documentos
3397;Aviso de pauta: A sessão de julgamento foi designada para hoje às 14h. Notifique o cliente.;Prazos_e_Audiências
1217;Nota fiscal de prestação de serviços emitida no valor de R$ 25.000,00.;Financeiro_e_Custas
4829;O sócio diretor revisou a análise de viabilidade como prioridade 1.;Tarefas_e_Delegações_Interna
1238;Reembolso de diligência referente ao processo da parte autora.;Financeiro_e_Custas
453;Determinação de emenda à petição inicial na 11ª Vara Cível. Vista às partes por 5 dias.;Andamentos_Processuais
2054;O termo de confidencialidade (NDA) precisa ser reencaminhado no portal eletrônico.;Gestão_de_Documentos
917;Atenção: Baixa definitiva dos autos pela secretaria da vara.;Andamentos_Processuais
228;Autos devolvidos do Ministério Público na 4ª Vara Criminal. Cumpra-se com urgência.;Andamentos_Processuais
249;Determinada a expedição de ofício ao INSS.;Andamentos_Processuais
928;Indeferimento da tutela de urgência pela juíza titular.;Andamentos_Processuais
1185;O depósito recursal no valor de R$ 7.800,00 foi emitido sem incidência de juros.;Financeiro_e_Custas
173;Aviso de movimentação: Deferida a tutela de urgência. Confira o teor no sistema.;Andamentos_Processuais
3956;Prazo para contestação foi prorrogado por decisão judicial.;Prazos_e_Audiências
3085;Prazo em dobro para a Fazenda Pública termina em 30 dias.;Prazos_e_Audiências
3955;Prazo para apresentação de recurso vence em 8 dias úteis.;Prazos_e_Audiências
1412;Comprovante de PIX aguardando compensação bancária.;Financeiro_e_Custas
3221;Importante: A audiência de instrução será presencial no fórum. Verifique no PJe.;Prazos_e_Audiências
2366;Documento: A certidão de nascimento foi fragmentada em partes no dossiê previdenciário.;Gestão_de_Documentos
211;Autos remetidos à instância superior.;Andamentos_Processuais
488;Cumprimento de sentença iniciado pelo juiz plantonista.;Andamentos_Processuais
4402;Sessão de brainstorming do caso tributário na sala de conferências.;Tarefas_e_Delegações_Interna
4668;Aviso interno: O estagiário encerrou a pauta de audiências na sala de conferências.;Tarefas_e_Delegações_Interna
3750;A audiência de oitiva de testemunhas teve o horário antecipado para as 09h.;Prazos_e_Audiências
3789;Alerta de prazo: O prazo para alegações finais não comporta mais dilação. O estagiário já incluiu na agenda.;Prazos_e_Audiências
2456;Versão atualizada da carteira de trabalho substituiu a anterior no repositório.;Gestão_de_Documentos
2646;O mandato anterior foi revogado e arquivado na pasta de inativos.;Gestão_de_Documentos
2639;Réplica categorizada na caixa de entrada do sistema.;Gestão_de_Documentos
4799;Nova delegação: O advogado pleno marcou a reunião de equipe como prioridade 1.;Tarefas_e_Delegações_Interna
1784;Confirmação: A despesa de cartório no valor de R$ 1.000,00 foi lançada e enviado ao cliente.;Financeiro_e_Custas
4957;Lembrete: O Dr. Rafael concluiu a revisão da contestação na sala de conferências.;Tarefas_e_Delegações_Interna
618;Decisão interlocutória publicada no processo nº 0071058-11.2022.8.12.0002. Publicação no Diário Oficial de hoje.;Andamentos_Processuais
544;Aviso de movimentação: Autos remetidos à conclusão no sistema PJe. Consulte a íntegra no e-Proc.;Andamentos_Processuais
1315;Alvará de levantamento expedido no valor de R$ 22.500,00 no sistema interno.;Financeiro_e_Custas
3362;Sessão de julgamento presencial adiada a pedido de uma das partes.;Prazos_e_Audiências
869;Apelação interposta pelo Tribunal de Justiça. Notifique-se o cliente da decisão.;Andamentos_Processuais
4793;Tarefa atualizada: A equipe tributária pediu ajuda na tese de defesa e aguarda sua validação.;Tarefas_e_Delegações_Interna
205;Redistribuição do processo por dependência no PJe.;Andamentos_Processuais
1592;RPV (Requisição de Pequeno Valor) expedida com sucesso no sistema.;Financeiro_e_Custas
1489;O acordo financeiro foi transferido.;Financeiro_e_Custas
2803;O parecer técnico foi digitalizado em alta resolução.;Gestão_de_Documentos
549;Urgente: Sentença proferida. Notifique-se o cliente da decisão.;Andamentos_Processuais
508;Expedido alvará de levantamento de valores na 18ª Vara Criminal. Prazo comum aberto.;Andamentos_Processuais
1830;Guia de preparo recursal paga aguardando aprovação da diretoria.;Financeiro_e_Custas
4569;Prioridade alta: O coordenador da equipe marcou o feedback individual e notificou os envolvidos.;Tarefas_e_Delegações_Interna
530;Impugnação ao cumprimento de sentença recebida.;Andamentos_Processuais
1833;Parcelamento de honorários referente ao processo de Seguradora Atlântica.;Financeiro_e_Custas
4209;Status da tarefa: O sócio diretor marcou o feedback individual até as 18h.;Tarefas_e_Delegações_Interna
3830;Lembrete: O prazo para réplica não comporta mais dilação. O estagiário já incluiu na agenda.;Prazos_e_Audiências
4826;Sócio solicitou a atualização cadastral de Empresa Ômega Serviços no sistema interno.;Tarefas_e_Delegações_Interna
934;Concedida a tutela antecipada requerida. Consulte a íntegra no e-Proc.;Andamentos_Processuais
4583;Status da tarefa: A secretaria concluiu a triagem de documentos antes do fim do expediente.;Tarefas_e_Delegações_Interna
1682;Boleto de honorários mensais enviado ao cliente corporativo.;Financeiro_e_Custas
1855;A guia de custas foi confirmada com vencimento para amanhã.;Financeiro_e_Custas
1300;Confirmação: O comprovante de PIX foi realizado na conta do escritório.;Financeiro_e_Custas
4850;Prioridade: Estagiário solicitou o preenchimento do timesheet para a pauta da semana que vem.;Tarefas_e_Delegações_Interna
4380;Status da tarefa: A Dra. Mariana revisou o cadastro da ação e aguarda aprovação.;Tarefas_e_Delegações_Interna
4727;Workflow iniciado: triagem de novos casos do processo de Condomínio Jardim das Flores.;Tarefas_e_Delegações_Interna
922;Bloqueio de valores restou infrutífero.;Andamentos_Processuais
2258;Aviso: O comprovante de residência precisa ser reencaminhado para uso na audiência.;Gestão_de_Documentos
2405;A certidão de trânsito em julgado foi rejeitada pelo tribunal pelo assistente jurídico.;Gestão_de_Documentos
3817;Lembrete: A audiência de oitiva de testemunhas foi cancelada pelo juízo. Atenção ao calendário interno.;Prazos_e_Audiências
142;Determinação de bloqueio Sisbajud pelo juiz titular.;Andamentos_Processuais
526;Sentença julgada improcedente.;Andamentos_Processuais
1634;Custo de averbação em cartório aguardando aprovação da diretoria.;Financeiro_e_Custas
226;Extinto o processo sem resolução de mérito na 7ª Vara de Família. Disponibilizado no Diário da Justiça Eletrônico.;Andamentos_Processuais
3419;Perícia contábil registrada na pauta do dia 7/2.;Prazos_e_Audiências
1508;Despesa de correio (AR) no valor de R$ 25.000,00.;Financeiro_e_Custas
4197;Reunião interna marcada para discutir a estratégia do caso Banco Meridional.;Tarefas_e_Delegações_Interna
2472;Assinatura eletrônica do sócio diretor pendente no parecer.;Gestão_de_Documentos
2863;O RG atualizado do cliente excedeu o limite de tamanho do sistema.;Gestão_de_Documentos
335;Agravo de instrumento interposto no processo da reclamada.;Andamentos_Processuais
4020;Prioridade alta: A controladoria jurídica atribuiu a pesquisa jurisprudencial no sistema ERP.;Tarefas_e_Delegações_Interna
3703;Prazo para cumprimento voluntário da sentença consta registrado na pauta processual do dia 25/1.;Prazos_e_Audiências
1125;Planilha de débitos judiciais atualizada com juros e correção monetária.;Financeiro_e_Custas
1963;Custas complementares recolhidas no valor de R$ 1.500,00 para conferência do sócio.;Financeiro_e_Custas
3680;Atenção: A audiência de instrução teve o horário antecipado. Revise os memoriais.;Prazos_e_Audiências
4897;A Dra. Mariana conferiu a pesquisa jurisprudencial até as 18h.;Tarefas_e_Delegações_Interna
1697;RPV (Requisição de Pequeno Valor) no valor de R$ 15.000,00.;Financeiro_e_Custas
230;Status do processo: Determinada a penhora online. O prazo recursal inicia-se amanhã.;Andamentos_Processuais
3474;Aviso de pauta: O prazo para apelação encerra-se na próxima semana.;Prazos_e_Audiências
4294;Tarefa atribuída: organizar os documentos do caso Condomínio Jardim das Flores.;Tarefas_e_Delegações_Interna
3464;Prazo para manifestação sobre o laudo pericial consta registrado na pauta processual do dia 17/9.;Prazos_e_Audiências
2243;Status interno: O laudo pericial foi fragmentado em partes pelo assistente jurídico.;Gestão_de_Documentos
1826;Honorários sucumbenciais para conferência do sócio financeiro.;Financeiro_e_Custas
828;Autos remetidos à conclusão na 12ª Vara Cível. Disponibilizado no Diário da Justiça Eletrônico.;Andamentos_Processuais
1549;Urgente: A nota fiscal foi gerada com vencimento para amanhã.;Financeiro_e_Custas
2335;Holerites referentes a 2022 estão faltando no dossiê trabalhista.;Gestão_de_Documentos
3979;Urgente: A sessão de mediação será presencial no fórum. A parte contrária já foi intimada.;Prazos_e_Audiências
4159;Aviso interno: A Dra. Fernanda encerrou o cadastro da ação para a reunião de sexta.;Tarefas_e_Delegações_Interna
2891;OCR aplicado no extrato bancário digitalizado.;Gestão_de_Documentos
2080;Assinatura eletrônica da carteira de trabalho pendente.;Gestão_de_Documentos
4351;A equipe tributária assumiu a redação da petição até as 18h.;Tarefas_e_Delegações_Interna
4776;Departamento financeiro finalizou a revisão dos cálculos do processo de Consórcio Nordeste.;Tarefas_e_Delegações_Interna
1279;Alerta: inadimplência do cliente ultrapassou a marca de 30 dias.;Financeiro_e_Custas
2695;Aviso: O substabelecimento precisa ser reencaminhado.;Gestão_de_Documentos
3140;Alerta de prazo: A audiência de instrução teve o horário antecipado.;Prazos_e_Audiências
3790;Urgente: A audiência admonitória ocorrerá de forma 100% virtual. Revise os memoriais.;Prazos_e_Audiências
3113;Lembrete: A audiência trabalhista foi remarcada para sexta-feira. Não perca o horário estabelecido.;Prazos_e_Audiências
3228;Lembrete: A audiência trabalhista teve o horário antecipado.;Prazos_e_Audiências
535;Devolvido mandado não cumprido pelo oficial. Vista ao autor por 5 dias.;Andamentos_Processuais
451;Atenção: Sentença de mérito publicada. Vista às partes por 5 dias.;Andamentos_Processuais
3229;Urgente: O prazo para recurso inominado encerra-se na próxima semana.;Prazos_e_Audiências
1796;Pagamento pendente: O comprovante de PIX foi gerado.;Financeiro_e_Custas
953;Andamento: Decisão interlocutória proferida no Diário da Justiça Eletrônico.;Andamentos_Processuais
513;Atualização processual: Acórdão publicado pelo juízo deprecante. Verifique o andamento no tribunal.;Andamentos_Processuais
1754;Estorno de pagamento em duplicidade no valor de R$ 4.500,00.;Financeiro_e_Custas
2609;Parecer técnico convertido para PDF e salvo no sistema.;Gestão_de_Documentos
3898;Perícia contábil remarcada para o dia 12.;Prazos_e_Audiências
2307;Relatório médico anexado com sucesso ao dossiê previdenciário.;Gestão_de_Documentos
1432;Fechamento financeiro do mês concluído. Relatório gerencial disponível.;Financeiro_e_Custas
3858;A audiência de oitiva de testemunhas está aguardando o link da vara. A parte contrária já foi intimada.;Prazos_e_Audiências
3531;Prazo para cumprimento voluntário da sentença iniciado no processo de Condomínio Jardim das Flores.;Prazos_e_Audiências
1007;Urgente: A RPV no valor de R$ 1.800,00 foi aprovada com acréscimo de multa.;Financeiro_e_Custas
4329;Workflow encerrado: revisão documental do processo de Seguradora Atlântica.;Tarefas_e_Delegações_Interna
523;Revogação de liminar anteriormente deferida no processo nº 0073402-83.2022.8.22.0001. Publicação no Diário Oficial de hoje.;Andamentos_Processuais
3741;Prazo para emenda à inicial termina daqui a 10 dias.;Prazos_e_Audiências
2903;Contestação convertida para PDF e salva no sistema.;Gestão_de_Documentos
321;Aviso de movimentação: Embargos de declaração rejeitados. Consulte a íntegra no e-Proc.;Andamentos_Processuais
74;Andamento: Indeferida a liminar.;Andamentos_Processuais
4857;Tarefa atualizada: Sócio diretor devolveu a minuta com apontamentos via Microsoft Teams.;Tarefas_e_Delegações_Interna
2623;OCR aplicado na petição inicial digitalizada.;Gestão_de_Documentos
862;Urgente: Sentença de mérito publicada na Vara de Família. Aguardando manifestação das partes.;Andamentos_Processuais
2037;Certidão de casamento convertida para PDF e salva no sistema.;Gestão_de_Documentos
4009;Sócio diretor delegou a elaboração da procuração ad judicia para você.;Tarefas_e_Delegações_Interna
968;Andamento: Deferida a tutela de urgência no Diário da Justiça Eletrônico. O prazo recursal inicia-se amanhã.;Andamentos_Processuais
1600;Boleto de honorários contratuais emitido no valor de R$ 15.000,00.;Financeiro_e_Custas
301;Publicada decisão que indefere a liminar pleiteada.;Andamentos_Processuais
985;Status do processo: Suspensão do processo decretada pelo Tribunal de Justiça. Prazo comum aberto.;Andamentos_Processuais
4036;Nova delegação: A equipe trabalhista devolveu a tese de defesa via Microsoft Teams.;Tarefas_e_Delegações_Interna
3004;Aviso de pauta: o prazo para réplica foi devolvido por 10 dias.;Prazos_e_Audiências
68;Despacho de mero expediente publicado no Diário da Justiça.;Andamentos_Processuais
1403;Retenção de imposto calculada aguardando aprovação da diretoria.;Financeiro_e_Custas
4195;A controladoria jurídica finalizou a minuta do acordo referente ao caso Silva.;Tarefas_e_Delegações_Interna
2904;O termo de confidencialidade (NDA) foi rejeitado pelo tribunal na subpasta de atos.;Gestão_de_Documentos
1090;Pagamento pendente: A guia DARE venceu e anexado aos autos.;Financeiro_e_Custas
3319;Seu prazo para manifestação sobre o laudo pericial vence amanhã.;Prazos_e_Audiências
3082;Alerta de prazo: A audiência de instrução ocorrerá de forma 100% virtual.;Prazos_e_Audiências
678;Andamento: Manifestação pericial anexada pelo relator. Verifique o andamento no tribunal.;Andamentos_Processuais
341;Atualização processual: Redistribuição do processo no processo de execução. O prazo recursal inicia-se amanhã.;Andamentos_Processuais
3535;Audiência trabalhista marcada para amanhã às 14h.;Prazos_e_Audiências
3388;O prazo para impugnação expira amanhã às 18h. Verifique os autos para mais detalhes.;Prazos_e_Audiências
2542;A certidão de nascimento foi corrompida durante o upload pelo assistente jurídico.;Gestão_de_Documentos
1401;Confirmação: A despesa de cartório foi paga com vencimento para amanhã.;Financeiro_e_Custas
964;Revogação de liminar anteriormente deferida pelo presidente da turma julgadora.;Andamentos_Processuais
2505;Declaração de hipossuficiência assinada digitalmente pelo cliente.;Gestão_de_Documentos
3023;Aviso de pauta: O prazo para réplica está suspenso.;Prazos_e_Audiências
2549;Upload falhou: O parecer técnico foi corrompido durante o upload.;Gestão_de_Documentos
3185;Aviso de pauta: O prazo para apelação termina em 48 horas. Revise os memoriais.;Prazos_e_Audiências
2120;Status interno: A certidão negativa de débitos excedeu o limite de tamanho via plataforma DocuSign.;Gestão_de_Documentos
269;Recurso especial admitido na 8ª Vara de Execuções Fiscais.;Andamentos_Processuais
155;Urgente: Carta precatória expedida na Vara da Fazenda Pública. Aguardando manifestação das partes.;Andamentos_Processuais
2942;Documento: O contrato de locação foi assinado digitalmente pelo sócio responsável.;Gestão_de_Documentos
3011;Lembrete: A audiência de justificação teve o horário antecipado. Evite a preclusão.;Prazos_e_Audiências
1524;Urgente: A RPV foi cancelada e enviado ao cliente.;Financeiro_e_Custas
2447;Procuração ad judicia arquivada na pasta digital do processo.;Gestão_de_Documentos
1764;Custas complementares referente ao processo do executado.;Financeiro_e_Custas
1506;As custas complementares foram realizadas pelo setor financeiro.;Financeiro_e_Custas
4482;Nova delegação: Dra. Camila concluiu a pesquisa de jurisprudência para despachar com o juiz.;Tarefas_e_Delegações_Interna
1030;Os honorários contratuais no valor de R$ 9.900,00 venceram e notificação enviada.;Financeiro_e_Custas
1472;Urgente: Os honorários contratuais foram confirmados conforme determinação judicial.;Financeiro_e_Custas
4442;A advogada júnior encerrou o preenchimento do timesheet até as 18h.;Tarefas_e_Delegações_Interna
1330;Pagamento pendente: O boleto de honorários foi transferido sem incidência de juros.;Financeiro_e_Custas
798;Sentença julgada improcedente na 5ª Vara de Família. Cumpra-se com urgência.;Andamentos_Processuais
2083;Atualização: O comprovante de residência foi corrompido durante o upload pelo sócio responsável.;Gestão_de_Documentos
2997;Comprovante de residência revisado e pronto para envio ao cliente.;Gestão_de_Documentos
2105;Backup dos documentos de Comércio XYZ realizado com sucesso.;Gestão_de_Documentos
4364;Aviso interno: O sócio sênior revisou a reunião de equipe sem dilação de prazo.;Tarefas_e_Delegações_Interna
3849;Prazo recursal suspenso em virtude da oposição de embargos.;Prazos_e_Audiências
3056;Aviso de pauta: a reunião de tentativa de acordo teve o horário antecipado para as 09h.;Prazos_e_Audiências
1702;Retenção de imposto de renda aguardando compensação bancária.;Financeiro_e_Custas
1406;Aviso: O comprovante de PIX no valor de R$ 3.800,00 venceu e notificação enviada.;Financeiro_e_Custas
46;Deferimento da tutela de urgência na 14ª Vara de Família. Aguardando manifestação da parte contrária.;Andamentos_Processuais
3650;A audiência de instrução e julgamento foi designada para amanhã. Verifique os autos para mais detalhes.;Prazos_e_Audiências
2683;Erro de sincronização impediu o salvamento da declaração de imposto de renda.;Gestão_de_Documentos
867;Andamento: Carta precatória expedida pelo Tribunal de Justiça. Vista às partes por 5 dias.;Andamentos_Processuais
1348;Guia de custas finais emitida no valor de R$ 4.500,00.;Financeiro_e_Custas
1862;Urgente: A fatura mensal no valor de R$ 2.300,00 foi efetuada pela controladoria.;Financeiro_e_Custas
542;Retorno dos autos da instância superior após julgamento do agravo.;Andamentos_Processuais
1052;Os honorários contratuais foram cancelados conforme determinação judicial.;Financeiro_e_Custas
3767;Sessão de julgamento virtual confirmada para o processo de Farmácias Reunidas Ltda.;Prazos_e_Audiências
3181;Importante: A audiência de custódia acontecerá na sala 2.;Prazos_e_Audiências
2596;Upload da carteira de trabalho concluído com sucesso.;Gestão_de_Documentos
3311;Sessão de julgamento virtual marcada para sexta-feira às 10h.;Prazos_e_Audiências
1610;Alerta financeiro: A retenção de imposto foi lançada.;Financeiro_e_Custas
4026;Status da tarefa: O coordenador da equipe finalizou a conferência de prazos até as 18h.;Tarefas_e_Delegações_Interna
4028;Status da tarefa: O coordenador da equipe pediu a revisão da contestação no sistema ERP.;Tarefas_e_Delegações_Interna
3529;O prazo para réplica acaba em 48 horas. O estagiário já incluiu na agenda.;Prazos_e_Audiências
3823;O prazo para preparo recursal vence hoje. Verifique os autos para mais detalhes.;Prazos_e_Audiências
1728;Custas complementares recolhidas e baixada no sistema.;Financeiro_e_Custas
1103;Faturamento: A guia DARE no valor de R$ 7.900,00 foi realizada para conferência.;Financeiro_e_Custas
43;Indeferimento da tutela de urgência na 3ª Vara Criminal.;Andamentos_Processuais
1142;Levantamento de valores realizado com sucesso. Repasse pendente.;Financeiro_e_Custas
2484;OCR aplicado no contrato de honorários digitalizado.;Gestão_de_Documentos
2171;Status interno: o contrato de honorários foi rejeitado pelo tribunal.;Gestão_de_Documentos
2386;Aviso: A declaração de hipossuficiência precisa ser reencaminhada.;Gestão_de_Documentos
3060;Alerta de prazo: O prazo de embargos de declaração encerra-se na próxima semana.;Prazos_e_Audiências
3931;Importante: O prazo para alegações finais inicia-se amanhã. Prepare a documentação.;Prazos_e_Audiências
4258;Aviso interno: O sócio sênior aprovou a triagem de documentos como prioridade 1.;Tarefas_e_Delegações_Interna
196;Urgente: Acórdão publicado na 3ª Vara Criminal. Consulte a íntegra no e-Proc.;Andamentos_Processuais
1943;Os valores bloqueados estão pendentes com sucesso.;Financeiro_e_Custas
4544;Prioridade: Dra. Camila transferiu a carteira de processos e aguarda sua validação.;Tarefas_e_Delegações_Interna
2926;Réplica movida para a pasta de arquivo morto.;Gestão_de_Documentos
339;Andamento: Recebidos os autos. Aguardando decurso de prazo.;Andamentos_Processuais
4801;Aviso interno: A Dra. Fernanda assumiu a conferência de prazos para a revisão final do sócio.;Tarefas_e_Delegações_Interna
1146;Depósito judicial aguardando aprovação da diretoria.;Financeiro_e_Custas
441;Aviso de movimentação: Ato ordinatório praticado na 1ª Vara Cível. Verifique o andamento no tribunal.;Andamentos_Processuais
1812;Pagamento pendente: Os honorários de sucumbência foram efetuados.;Financeiro_e_Custas
1002;Despesa de tradução juramentada no valor de R$ 12.000,00.;Financeiro_e_Custas
1650;Pagamento pendente: Os honorários de sucumbência no valor de R$ 8.300,00 foram atualizados pelo setor financeiro.;Financeiro_e_Custas
227;Status do processo: Trânsito em julgado certificado no Diário da Justiça Eletrônico. Verifique o andamento no tribunal.;Andamentos_Processuais
2199;Versão atualizada do extrato bancário substituiu a anterior no repositório.;Gestão_de_Documentos
1316;Guia de preparo recursal gerada e enviada ao e-mail de Distribuidora Central.;Financeiro_e_Custas
38;Julgamento virtual iniciado no processo da parte autora.;Andamentos_Processuais
4523;Atenção equipe: O sócio diretor pediu a reunião de equipe referente ao caso Silva.;Tarefas_e_Delegações_Interna
255;Trânsito em julgado certificado na 12ª Vara da Fazenda Pública. Vista ao réu para impugnação.;Andamentos_Processuais
4160;Sócio solicitou a atualização cadastral de Farmácias Reunidas Ltda no sistema interno.;Tarefas_e_Delegações_Interna
2574;Atenção: A carta de preposição foi rejeitada pelo tribunal.;Gestão_de_Documentos
1674;Guia de custas finais gerada e enviada ao e-mail de Maria Santos.;Financeiro_e_Custas
3930;Importante: A audiência de conciliação será presencial no fórum. Evite a preclusão.;Prazos_e_Audiências
674;Decretação de revelia da parte ré na 18ª Vara Cível. Vista às partes por 5 dias.;Andamentos_Processuais
1496;Repasse ao cliente referente ao processo do cliente corporativo.;Financeiro_e_Custas
548;Ofício respondido pelo Detran na 8ª Vara Federal. Cumpra-se com urgência.;Andamentos_Processuais
452;Atualização processual: Carta precatória expedida nos autos da ação. Prazo comum aberto.;Andamentos_Processuais
2466;Carteira de trabalho arquivada na pasta digital do processo.;Gestão_de_Documentos
4562;Lembrete: revisar a minuta de acordo até o fim do dia.;Tarefas_e_Delegações_Interna
1968;Pagamento do perito efetuado no valor de R$ 18.000,00 aguardando compensação bancária.;Financeiro_e_Custas
4775;Lembrete: revisar o termo de audiência até o fim do dia.;Tarefas_e_Delegações_Interna
3061;O prazo peremptório expira amanhã às 18h.;Prazos_e_Audiências
559;Agravo de instrumento interposto na 4ª Vara da Fazenda Pública. Vista ao réu para impugnação.;Andamentos_Processuais
4990;Urgente: A estagiária pediu a auditoria de processos até as 18h.;Tarefas_e_Delegações_Interna
1994;Custo com tradução juramentada incluído no faturamento do mês.;Financeiro_e_Custas
2180;Atenção: A documentação anexada precisa ser reencaminhada para conferência final.;Gestão_de_Documentos
3989;O prazo para manifestação sobre o laudo foi devolvido por 10 dias. Verifique os autos para mais detalhes.;Prazos_e_Audiências
2779;Status interno: A certidão de nascimento foi anexada com sucesso.;Gestão_de_Documentos
1527;Repasse ao cliente finalizado no valor integral da condenação.;Financeiro_e_Custas
2647;A guia de recolhimento excedeu o limite de tamanho do sistema no portal eletrônico.;Gestão_de_Documentos
555;Andamento: Suspensão do processo decretada pelo Tribunal de Justiça. Aguardando decurso de prazo.;Andamentos_Processuais
2756;Status interno: O contrato de locação está pendente de assinatura na nuvem corporativa.;Gestão_de_Documentos
1980;Depósito judicial confirmado pela controladoria jurídica.;Financeiro_e_Custas
4823;Sócio cancelou a reunião de acompanhamento de processos de hoje.;Tarefas_e_Delegações_Interna
850;Andamento: Trânsito em julgado certificado nos autos da ação. Aguardando decurso de prazo.;Andamentos_Processuais
2382;Comprovante de residência categorizado na caixa de entrada do sistema.;Gestão_de_Documentos
2070;Alerta: O termo de acordo foi protocolado internamente.;Gestão_de_Documentos
3333;Aviso de pauta: A audiência admonitória foi cancelada pelo juízo.;Prazos_e_Audiências
4555;Lembrete: O coordenador da equipe conferiu a pauta de audiências até as 18h.;Tarefas_e_Delegações_Interna
2671;Alerta: O arquivo PDF foi rejeitado pelo tribunal.;Gestão_de_Documentos
3857;Audiência trabalhista remarcada para o dia 20.;Prazos_e_Audiências
3463;Audiência de instrução e julgamento cancelada e será reagendada em breve.;Prazos_e_Audiências
4592;Status da tarefa: O coordenador da equipe finalizou a pesquisa jurisprudencial para alinhamento estratégico.;Tarefas_e_Delegações_Interna
3033;A reunião de tentativa de acordo será presencial no fórum. Verifique os autos para mais detalhes.;Prazos_e_Audiências
3266;Oitiva do perito marcada para a próxima terça-feira à tarde.;Prazos_e_Audiências
3014;Urgente: O prazo para recurso inominado vence hoje. A parte contrária já foi intimada.;Prazos_e_Audiências
4136;Lembrete: O coordenador da equipe atribuiu a tese de defesa com máxima urgência.;Tarefas_e_Delegações_Interna
4083;Tarefa atribuída: ligar para o cliente do caso Seguradora Atlântica.;Tarefas_e_Delegações_Interna
892;Status do processo: Apelação interposta no portal eletrônico e-SAJ. Aguardando manifestação das partes.;Andamentos_Processuais
4287;Urgente: O setor paralegal transferiu a tese de defesa para despacho com o magistrado.;Tarefas_e_Delegações_Interna
1209;Levantamento de valores bloqueados no valor de R$ 500,00.;Financeiro_e_Custas
4000;Audiência de custódia remarcada para o dia 20.;Prazos_e_Audiências
690;Atenção: Trânsito em julgado certificado no Juizado Especial. Aguardando a intimação do réu.;Andamentos_Processuais
2383;Alerta: O substabelecimento foi corrompido durante o upload.;Gestão_de_Documentos
194;Aviso de movimentação: Suspensão do processo decretada. O prazo recursal inicia-se amanhã.;Andamentos_Processuais
3139;Lembrete: audiência de instrução e julgamento no dia 25/08.;Prazos_e_Audiências
185;Atenção: Indeferida a liminar. O prazo recursal inicia-se amanhã.;Andamentos_Processuais
2265;Documento: A minuta da contestação está pendente de assinatura.;Gestão_de_Documentos
3329;Atenção: O prazo para contrarrazões vence nesta sexta-feira. A parte contrária já foi intimada.;Prazos_e_Audiências
1111;Aviso: O comprovante de PIX foi quitado para conferência.;Financeiro_e_Custas
4648;Reunião interna marcada para discutir a estratégia do caso Farmácias Reunidas Ltda.;Tarefas_e_Delegações_Interna
2562;Assinatura eletrônica do laudo pericial pendente.;Gestão_de_Documentos
2174;A procuração ad judicia está disponível para download.;Gestão_de_Documentos
3197;Importante: A sessão de julgamento está aguardando o link.;Prazos_e_Audiências
2275;Alerta: A declaração de hipossuficiência foi enviada por e-mail e o cliente já foi notificado.;Gestão_de_Documentos
4007;Prioridade: A gerência jurídica encerrou o workflow da tarefa antes do envio ao cliente.;Tarefas_e_Delegações_Interna
3167;Alerta de prazo: O prazo para manifestação expira amanhã às 18h. Não perca o horário estabelecido.;Prazos_e_Audiências
1470;Pagamento pendente: As despesas de viagem no valor de R$ 9.900,00 venceram aguardando compensação.;Financeiro_e_Custas
4416;Colega solicitou sua ajuda na tese de defesa processual.;Tarefas_e_Delegações_Interna
617;Conflito de competência suscitado no processo nº 0033288-97.2022.8.24.0003.;Andamentos_Processuais
1260;Taxa de desarquivamento aguardando compensação bancária.;Financeiro_e_Custas
3330;Alerta de prazo: O prazo para apelação foi prorrogado por 5 dias.;Prazos_e_Audiências
126;Atenção: Indeferida a liminar no processo de execução. Prazo comum aberto.;Andamentos_Processuais
3888;Sustentação oral designada para sexta-feira às 10h, na 20ª Vara de Família.;Prazos_e_Audiências
329;Juntada de laudo pericial aos autos na 20ª Vara de Família. Aguardando manifestação da parte contrária.;Andamentos_Processuais
2543;Upload falhou: A certidão negativa de débitos está pendente de assinatura e arquivado de forma definitiva.;Gestão_de_Documentos
4501;O advogado pleno conferiu a revisão da contestação até as 18h.;Tarefas_e_Delegações_Interna
3195;Aviso de pauta: A sessão do tribunal do júri foi designada para hoje às 14h. O estagiário já incluiu na agenda.;Prazos_e_Audiências
364;Indeferida a assistência judiciária gratuita na 20ª Vara Cível. Disponibilizado no Diário da Justiça Eletrônico.;Andamentos_Processuais
717;Urgente: Trânsito em julgado certificado.;Andamentos_Processuais
4977;Workflow encerrado: conferência financeira do processo de Condomínio Jardim das Flores.;Tarefas_e_Delegações_Interna
3782;Aviso de pauta: O prazo para contrarrazões está suspenso. O sistema já foi atualizado.;Prazos_e_Audiências
1071;Aviso: O depósito recursal foi aprovado conforme determinação judicial.;Financeiro_e_Custas
1795;Urgente: Os honorários contratuais foram atualizados sem incidência de juros.;Financeiro_e_Custas
4223;Lembrete: protocolar o contrato de honorários até o fim do dia.;Tarefas_e_Delegações_Interna
2136;Procuração renomeada conforme padrão do escritório.;Gestão_de_Documentos
3631;Oitiva do perito adiada a pedido de uma das partes.;Prazos_e_Audiências
1786;Retenção de imposto de renda e o comprovante anexado aos autos.;Financeiro_e_Custas
4341;Lembrete: finalizar a certidão de casamento até sexta-feira.;Tarefas_e_Delegações_Interna
2728;O termo de confidencialidade (NDA) foi enviado para o e-mail do cliente.;Gestão_de_Documentos
1555;Depósito recursal referente ao processo do cliente corporativo.;Financeiro_e_Custas
817;Expedido alvará de levantamento de valores. Cumpra-se com urgência.;Andamentos_Processuais
1738;Aviso: As despesas de viagem foram pagas pela controladoria.;Financeiro_e_Custas
438;Ofício respondido pelo Detran.;Andamentos_Processuais
2945;Documento: O comprovante de residência passou por OCR e está pesquisável.;Gestão_de_Documentos
4647;Aviso interno: Revisar a pauta de audiências antes do envio ao cliente.;Tarefas_e_Delegações_Interna
3628;Lembrete: A audiência de instrução ocorrerá de forma 100% virtual. Prepare a documentação.;Prazos_e_Audiências
2700;O RG atualizado do cliente foi assinado via certificado A3 na nuvem corporativa.;Gestão_de_Documentos
689;Embargos de declaração rejeitados na 1ª Vara Criminal. Prazo comum aberto.;Andamentos_Processuais
2047;Contrato social consolidado salvo na subpasta de atos constitutivos.;Gestão_de_Documentos
3295;Oitiva do perito remarcada para o dia 20.;Prazos_e_Audiências
694;Urgente: Indeferida a liminar pelo juízo deprecante.;Andamentos_Processuais
3096;O prazo para embargos de declaração não comporta mais dilação. Verifique os autos para mais detalhes.;Prazos_e_Audiências
31;Urgente: Carta precatória expedida na 1ª Vara Cível. Notifique-se o cliente da decisão.;Andamentos_Processuais
1251;Faturamento: A retenção de imposto foi creditada aguardando compensação.;Financeiro_e_Custas
742;Aviso de movimentação: Expedido alvará eletrônico pelo juízo deprecante. Prazo comum aberto.;Andamentos_Processuais
2714;Aviso: O termo de acordo excedeu o limite de tamanho via plataforma DocuSign.;Gestão_de_Documentos
3414;Aviso de pauta: a reunião de tentativa de acordo foi cancelada pelo juízo.;Prazos_e_Audiências
2229;Atenção: A documentação anexada foi anexada com sucesso no dossiê previdenciário.;Gestão_de_Documentos
3084;Aviso de pauta: O prazo para apelação vence nesta sexta-feira.;Prazos_e_Audiências
2422;Aviso: a carta de preposição foi corrompida durante o upload.;Gestão_de_Documentos
4330;Atualizar a planilha de acompanhamento do cliente corporativo.;Tarefas_e_Delegações_Interna
4113;O coordenador da equipe revisou a elaboração de quesitos antes do fim do expediente.;Tarefas_e_Delegações_Interna
3635;Aviso de pauta: A sessão de mediação acontecerá na sala 2. Revise os memoriais.;Prazos_e_Audiências
4658;Lembrete: enviar o RG atualizado até sexta-feira.;Tarefas_e_Delegações_Interna
2191;Aviso: O relatório médico precisa ser reencaminhado.;Gestão_de_Documentos
1259;Urgente: O reembolso de diligência foi expedido pela controladoria.;Financeiro_e_Custas
2082;Procuração arquivada na pasta digital do processo.;Gestão_de_Documentos
1446;Honorários periciais no valor de R$ 8.000,00.;Financeiro_e_Custas
4400;Solicitação de suporte: verificar pendência financeira de Farmácias Reunidas Ltda.;Tarefas_e_Delegações_Interna
2747;O termo de confidencialidade (NDA) está pendente de assinatura digital via aplicativo.;Gestão_de_Documentos
4960;Nova delegação: A controladoria jurídica agendou o despacho com o juiz para a reunião de sexta.;Tarefas_e_Delegações_Interna
3738;Lembrete: A sessão de mediação ocorrerá de forma 100% virtual. Não perca o horário estabelecido.;Prazos_e_Audiências
2806;Documento: O arquivo PDF foi enviado por e-mail.;Gestão_de_Documentos
2286;Versão atualizada da petição inicial substituiu a anterior no repositório.;Gestão_de_Documentos
140;Trânsito em julgado certificado na 6ª Vara Federal. Vista às partes por 5 dias.;Andamentos_Processuais
4055;Transferência de carteira: 15 processos atribuídos ao seu perfil hoje.;Tarefas_e_Delegações_Interna
325;Urgente: Ato ordinatório praticado no sistema PJe.;Andamentos_Processuais
810;Homologação de acordo entre as partes.;Andamentos_Processuais
4422;Sócio diretor convocou todos os advogados para a reunião mensal.;Tarefas_e_Delegações_Interna
315;Juntado comprovante de citação por AR (Aviso de Recebimento).;Andamentos_Processuais
2615;O RG atualizado do cliente foi salvo na pasta do cliente para instrução probatória.;Gestão_de_Documentos
782;Trânsito em julgado certificado pela secretaria da vara. O processo segue tramitação normal.;Andamentos_Processuais
400;Juntada de manifestação da parte contrária no PJe.;Andamentos_Processuais
2488;Erro de sincronização impediu o salvamento do laudo pericial.;Gestão_de_Documentos
1837;PIX do cliente recebido. A fatura mensal foi baixada no sistema.;Financeiro_e_Custas
3826;Aviso de pauta: A sessão de julgamento foi designada para hoje às 14h. A parte contrária já foi intimada.;Prazos_e_Audiências
1355;Reembolso de diligência aguardando aprovação da diretoria.;Financeiro_e_Custas
4301;Atenção equipe: O coordenador da equipe atribuiu o resumo do processo na sala de conferências.;Tarefas_e_Delegações_Interna
2052;O laudo pericial foi enviado por e-mail.;Gestão_de_Documentos
2733;O parecer técnico está disponível para download.;Gestão_de_Documentos
3447;Prazo para manifestação sobre o laudo pericial expira em 48 horas.;Prazos_e_Audiências
3998;Prazo comum de 10 dias úteis aberto para ambas as partes.;Prazos_e_Audiências
1939;Pagamento pendente: Os honorários de sucumbência foram confirmados com acréscimo de multa.;Financeiro_e_Custas
1563;Alerta financeiro: Os honorários contratuais no valor de R$ 6.200,00 foram quitados com vencimento para amanhã.;Financeiro_e_Custas
676;Aviso de movimentação: Determinada a penhora online. Prazo comum aberto.;Andamentos_Processuais
2810;Upload falhou: O holerite do reclamante aguarda validação do gestor.;Gestão_de_Documentos
4035;Lembrete: O sócio sênior pediu a análise de viabilidade antes do fim do expediente.;Tarefas_e_Delegações_Interna
4075;O gestor do departamento encerrou o cadastro da ação para amanhã cedo.;Tarefas_e_Delegações_Interna
4612;Aviso interno: A coordenadora cível conferiu a pauta de audiências para alinhamento estratégico.;Tarefas_e_Delegações_Interna
1981;Honorários sucumbenciais referente ao processo de João Pereira.;Financeiro_e_Custas
102;Atenção: Agravo de instrumento recebido. O processo segue tramitação normal.;Andamentos_Processuais
4006;Aviso interno: A Dra. Mariana marcou o despacho com o juiz para despacho com o magistrado.;Tarefas_e_Delegações_Interna
3743;Aviso de pauta: O prazo de embargos de declaração encerra-se na próxima semana. Revise os memoriais.;Prazos_e_Audiências
3429;Atenção: O prazo para manifestação não comporta mais dilação. A parte contrária já foi intimada.;Prazos_e_Audiências
3604;Atenção: O prazo para réplica foi prorrogado por 5 dias. A parte contrária já foi intimada.;Prazos_e_Audiências
3346;Audiência una designada para a próxima quarta-feira às 9h30, na 9ª Vara de Falências e Recuperação Judicial.;Prazos_e_Audiências
1933;Pagamento pendente: Os honorários de sucumbência no valor de R$ 1.900,00 foram creditados conforme determinação judicial.;Financeiro_e_Custas
1557;Alerta financeiro: As custas complementares no valor de R$ 9.200,00 foram quitadas pela controladoria.;Financeiro_e_Custas
3045;Audiência de justificação remarcada para daqui a 10 dias.;Prazos_e_Audiências
2073;Alerta: O relatório médico precisa ser reencaminhado.;Gestão_de_Documentos
3318;A audiência de custódia acontecerá na sala 3 do CEJUSC.;Prazos_e_Audiências
2846;Réplica renomeada conforme padrão do escritório.;Gestão_de_Documentos
1423;Urgente: O boleto de honorários foi transferido no sistema interno.;Financeiro_e_Custas
681;Sentença julgada procedente. Vista ao réu para impugnação.;Andamentos_Processuais
1167;Urgente: Os honorários de sucumbência foram lançados no sistema interno.;Financeiro_e_Custas
369;Homologação de cálculo de liquidação na 12ª Vara Cível. Vista às partes por 5 dias.;Andamentos_Processuais
3292;O prazo de 15 dias úteis inicia-se amanhã. Prepare a documentação.;Prazos_e_Audiências
1934;Aviso: As custas complementares no valor de R$ 5.900,00 venceram para conferência.;Financeiro_e_Custas
2672;Termo de audiência revisado e pronto para envio ao cliente.;Gestão_de_Documentos
3054;Prazo para juntada de documentos complementares foi prorrogado por decisão judicial.;Prazos_e_Audiências
3657;O prazo peremptório inicia-se amanhã. Atenção ao calendário interno.;Prazos_e_Audiências
855;Conflito de competência suscitado no processo de João Pereira.;Andamentos_Processuais
2110;Backup dos documentos de Condomínio Jardim das Flores realizado com sucesso.;Gestão_de_Documentos
1160;Reembolso de viagem aguardando compensação bancária.;Financeiro_e_Custas
2680;Atenção: A guia de custas foi digitalizada em alta resolução no sistema interno do escritório.;Gestão_de_Documentos
4049;A coordenadora cível encerrou o cadastro da ação com máxima urgência.;Tarefas_e_Delegações_Interna
2761;Alerta: O parecer técnico está pendente de assinatura.;Gestão_de_Documentos
738;Pedido de vista formulado por desembargador no Tribunal de Justiça.;Andamentos_Processuais
163;Trânsito em julgado certificado no portal eletrônico e-SAJ.;Andamentos_Processuais
3402;Importante: A sessão do tribunal do júri ocorrerá de forma 100% virtual. Atenção ao calendário interno.;Prazos_e_Audiências
2558;A ata notarial foi enviada por e-mail via aplicativo do escritório.;Gestão_de_Documentos
1684;Faturamento: A guia de custas foi efetuada pela controladoria.;Financeiro_e_Custas
4564;Status da tarefa: A controladoria jurídica validou a tese de defesa para despacho com o magistrado.;Tarefas_e_Delegações_Interna
3834;Audiência de conciliação registrada na pauta do dia 13/1.;Prazos_e_Audiências
874;Juntada de manifestação da parte contrária no processo nº 0088320-95.2021.8.22.0001. Publicação no Diário Oficial de hoje.;Andamentos_Processuais
1760;Pagamento pendente: Os honorários contratuais foram lançados.;Financeiro_e_Custas
3835;Restam 5 dias úteis para apresentar contrarrazões ao recurso.;Prazos_e_Audiências
1065;Pagamento pendente: As despesas de viagem foram pagas com sucesso.;Financeiro_e_Custas
960;Resultado de pesquisa Renajud disponibilizado na 12ª Vara Cível. Aguardando manifestação da parte contrária.;Andamentos_Processuais
2200;Cliente anexou o comprovante de residência no portal do escritório.;Gestão_de_Documentos
3855;Urgente: A audiência de justificação foi designada para hoje às 14h.;Prazos_e_Audiências
2207;Parecer técnico arquivado na pasta digital do processo.;Gestão_de_Documentos
845;Atualização processual: Recebidos os autos. Cumpra-se com urgência.;Andamentos_Processuais
2044;Alerta: A certidão de nascimento foi corrompida durante o upload.;Gestão_de_Documentos
4765;Prioridade alta: O sócio sênior pediu a redação da petição antes do fim do expediente.;Tarefas_e_Delegações_Interna
408;Status do processo: Sentença proferida. Consulte a íntegra no e-Proc.;Andamentos_Processuais
605;Aviso de movimentação: Homologado o acordo. O prazo recursal inicia-se amanhã.;Andamentos_Processuais
1204;Honorários sucumbenciais no valor de R$ 5.000,00 creditados na conta.;Financeiro_e_Custas
3772;Prazo para embargos de declaração expira hoje às 23h59.;Prazos_e_Audiências
3340;Audiência de custódia registrada na pauta do dia 28/3.;Prazos_e_Audiências
3328;A audiência de custódia foi designada para amanhã.;Prazos_e_Audiências
297;Decisão interlocutória deferiu o pedido de tutela de urgência.;Andamentos_Processuais
598;Certidão expedida pela secretaria da vara na 17ª Vara Federal. Confira no portal do e-SAJ.;Andamentos_Processuais
1694;Confirmação: A nota fiscal foi emitida pelo setor financeiro.;Financeiro_e_Custas
908;Urgente: Expedido alvará eletrônico.;Andamentos_Processuais
2398;Aviso: A ficha de cadastro foi fragmentada em partes.;Gestão_de_Documentos
3000;Aviso: O contrato de locação foi encaminhado ao setor paralegal para instrução probatória.;Gestão_de_Documentos
3742;A sessão de mediação familiar ocorrerá de forma 100% virtual. Prepare a documentação necessária.;Prazos_e_Audiências
3922;Urgente: O prazo comum às partes vence nesta sexta-feira. O estagiário já incluiu na agenda.;Prazos_e_Audiências
2834;Petição de juntada do termo de audiência assinada com token OAB.;Gestão_de_Documentos
1773;Aviso: A nota fiscal no valor de R$ 1.100,00 foi quitada conforme determinação judicial.;Financeiro_e_Custas
3566;Prazo para juntada de documentos complementares consta registrado na pauta processual do dia 17/8.;Prazos_e_Audiências
4285;Lembrete: O setor paralegal agendou o feedback individual para despacho com o magistrado.;Tarefas_e_Delegações_Interna
3315;Prazo para manifestação sobre o laudo pericial consta registrado na pauta processual do dia 8/1.;Prazos_e_Audiências
2752;Contestação recebida por e-mail e protocolada no sistema interno.;Gestão_de_Documentos
3012;Prazo para cumprimento voluntário da sentença iniciado no processo da parte autora.;Prazos_e_Audiências
2519;Documento: A procuração ad judicia está pendente de assinatura.;Gestão_de_Documentos
2552;Aviso: O contrato social excedeu o limite de tamanho.;Gestão_de_Documentos
3171;Urgente: A audiência de justificação foi cancelada pelo juízo. O estagiário já incluiu na agenda.;Prazos_e_Audiências
3326;Importante: A sessão de mediação foi designada para hoje às 14h.;Prazos_e_Audiências
4067;Aviso interno: O coordenador da equipe conferiu a revisão da contestação com máxima urgência.;Tarefas_e_Delegações_Interna
3611;Importante: O prazo para juntada de documentos encerra-se na próxima semana. Notifique o cliente.;Prazos_e_Audiências
443;Indeferida a liminar. Aguardando a intimação do réu.;Andamentos_Processuais
1859;Comprovante de PIX e o comprovante anexado aos autos.;Financeiro_e_Custas
3677;Importante: A sessão de mediação foi designada para hoje às 14h. Revise os memoriais.;Prazos_e_Audiências
426;Sentença de mérito publicada na Vara de Família. Aguardando a intimação do réu.;Andamentos_Processuais
468;Decisão interlocutória publicada na 17ª Vara da Fazenda Pública. Aguardando manifestação da parte contrária.;Andamentos_Processuais
824;Aviso de movimentação: Manifestação pericial anexada. Aguardando decurso de prazo.;Andamentos_Processuais
3212;Urgente: A audiência de instrução acontecerá na sala 2. Revise os memoriais.;Prazos_e_Audiências
2250;Laudo pericial renomeado conforme padrão do escritório.;Gestão_de_Documentos
4745;Coordenador solicitou revisão da petição inicial antes do envio ao cliente.;Tarefas_e_Delegações_Interna
4626;Sócio sênior delegou a revisão da carteira de trabalho para você.;Tarefas_e_Delegações_Interna
434;Trânsito em julgado certificado no Juizado Especial. Notifique-se o cliente da decisão.;Andamentos_Processuais
2453;A declaração de hipossuficiência está disponível para download.;Gestão_de_Documentos
3726;Alerta de prazo: A audiência de oitiva de testemunhas ocorrerá de forma 100% virtual. Não perca o horário estabelecido.;Prazos_e_Audiências
560;Atenção: Apelação interposta no Juizado Especial. Cumpra-se com urgência.;Andamentos_Processuais
4639;Aviso interno: O advogado sênior validou a elaboração de quesitos e aguarda aprovação.;Tarefas_e_Delegações_Interna
376;Carta precatória expedida no Tribunal Regional do Trabalho.;Andamentos_Processuais
2977;Alerta: A ficha de cadastro foi enviada por e-mail na nuvem corporativa.;Gestão_de_Documentos
1688;RPV (Requisição de Pequeno Valor) confirmada pela controladoria jurídica.;Financeiro_e_Custas
718;Atenção: Apelação interposta nos autos da ação.;Andamentos_Processuais
51;Aviso de movimentação: Acórdão publicado.;Andamentos_Processuais
3491;Sessão de julgamento presencial designada para o dia 14 às 14h, na 13ª Vara Federal.;Prazos_e_Audiências
2138;Backup dos documentos de João Pereira realizado com sucesso.;Gestão_de_Documentos
4305;Lembrete: O gestor do departamento encerrou a pesquisa jurisprudencial para amanhã cedo.;Tarefas_e_Delegações_Interna
3470;Você tem uma audiência admonitória amanhã no primeiro horário.;Prazos_e_Audiências
3829;O prazo para impugnação acaba em 48 horas. Atenção ao calendário interno.;Prazos_e_Audiências
2210;Upload falhou: A petição inicial está pendente de assinatura na subpasta de atos constitutivos.;Gestão_de_Documentos
435;Pedido de vista formulado por desembargador.;Andamentos_Processuais
3027;Urgente: O prazo comum às partes foi devolvido por 10 dias. Atenção ao calendário interno.;Prazos_e_Audiências
3710;Alerta de prazo: O prazo para contestação está suspenso. Não perca o horário estabelecido.;Prazos_e_Audiências
4909;Nova delegação: A secretaria atribuiu o protocolo do recurso no sistema ERP.;Tarefas_e_Delegações_Interna
1308;O bloqueio Sisbajud foi recebido.;Financeiro_e_Custas
2835;A procuração ad judicia foi protocolada na rede interna no portal eletrônico.;Gestão_de_Documentos
4488;Nova delegação: O setor paralegal reagendou o feedback individual e notificou os envolvidos.;Tarefas_e_Delegações_Interna
4293;O sócio sênior finalizou a auditoria de processos com máxima urgência.;Tarefas_e_Delegações_Interna
1493;Alerta financeiro: O depósito judicial foi realizado.;Financeiro_e_Custas
747;Urgente: Vista ao Ministério Público pelo juízo deprecante. Cumpra-se com urgência.;Andamentos_Processuais
4355;Lembrete: O Dr. Carlos concluiu a planilha de clientes antes do fim do expediente.;Tarefas_e_Delegações_Interna
2228;Aviso: A guia de custas foi rejeitada pelo tribunal.;Gestão_de_Documentos
2325;A carta de preposição foi enviada para o e-mail do cliente pelo assistente jurídico.;Gestão_de_Documentos
4549;Estagiário delegou a elaboração da petição.;Tarefas_e_Delegações_Interna
90;Recebida a denúncia, inicia-se a instrução criminal.;Andamentos_Processuais
1771;Faturamento: As custas complementares foram realizadas.;Financeiro_e_Custas
136;Decisão interlocutória publicada pela juíza titular.;Andamentos_Processuais
1655;Confirmação: As custas processuais no valor de R$ 500,00 foram creditadas conforme tabela da OAB.;Financeiro_e_Custas
880;Atenção: Recebidos os autos.;Andamentos_Processuais
4719;Tarefa atribuída: revisar o contrato do caso Grupo Beta Ltda.;Tarefas_e_Delegações_Interna
1123;Honorários periciais confirmado pela controladoria jurídica.;Financeiro_e_Custas
657;Atualização processual: Indeferida a liminar.;Andamentos_Processuais
2327;Petição de juntada do contrato de honorários assinada com token OAB.;Gestão_de_Documentos
458;Andamento: Sentença proferida. O prazo recursal inicia-se amanhã.;Andamentos_Processuais
3028;Oitiva de testemunha marcada para sexta-feira às 10h.;Prazos_e_Audiências
4204;Status da tarefa: O Dr. Rafael transferiu o cadastro da ação e aguarda aprovação.;Tarefas_e_Delegações_Interna
2709;A certidão negativa de débitos foi rejeitada pelo tribunal pelo sócio responsável.;Gestão_de_Documentos
78;Decretação de revelia da parte ré no processo nº 0049946-68.2023.8.17.0002.;Andamentos_Processuais
108;Sentença proferida na 12ª Vara Cível.;Andamentos_Processuais
1747;Custas de citação pendentes no valor de R$ 13.500,00 com acréscimo de multa contratual.;Financeiro_e_Custas
1761;Faturamento: O repasse ao cliente foi atualizado.;Financeiro_e_Custas
1827;Guia de preparo recursal gerada e enviada ao e-mail de Transportadora Rios.;Financeiro_e_Custas
4839;Nova delegação: O estagiário atribuiu o protocolo do recurso como prioridade 1.;Tarefas_e_Delegações_Interna
1675;Cálculo de liquidação de sentença confirmado pela controladoria jurídica.;Financeiro_e_Custas
3681;Prazo para pagamento do preparo recursal consta registrado na pauta processual do dia 4/8.;Prazos_e_Audiências
4429;Relatório semanal de Seguradora Atlântica foi validado pela diretoria.;Tarefas_e_Delegações_Interna
2577;Falha no upload do RG atualizado: arquivo corrompido.;Gestão_de_Documentos
4712;Sócio diretor delegou a elaboração do contrato social para você.;Tarefas_e_Delegações_Interna
368;Aviso de movimentação: Agravo de instrumento recebido. Aguardando manifestação das partes.;Andamentos_Processuais
943;Urgente: Acórdão publicado. Vista às partes por 5 dias.;Andamentos_Processuais
363;Atualização processual: Carta precatória expedida.;Andamentos_Processuais
3471;Audiência de justificação confirmada para o processo de Silva & Cia.;Prazos_e_Audiências
905;Recurso não provido pela câmara. Confira no portal do e-SAJ.;Andamentos_Processuais
986;Decretada a revelia do réu. Vista ao réu para impugnação.;Andamentos_Processuais
4264;Status da tarefa: A controladoria jurídica concluiu o protocolo do recurso até as 18h.;Tarefas_e_Delegações_Interna
733;Andamento: Embargos de declaração rejeitados. Consulte a íntegra no e-Proc.;Andamentos_Processuais
1045;Cálculo de liquidação atualizado e enviada ao cliente.;Financeiro_e_Custas
2493;Carteira de trabalho pendente de assinatura digital via DocuSign.;Gestão_de_Documentos
4825;Prioridade alta: A equipe tributária assumiu a elaboração de quesitos para a revisão final do sócio.;Tarefas_e_Delegações_Interna
2572;Seguradora atlântica anexou o RG atualizado no portal do escritório.;Gestão_de_Documentos
3342;O prazo para réplica expira amanhã às 18h. Revise os memoriais.;Prazos_e_Audiências
4298;Lembrete: O coordenador da equipe conferiu a conferência de prazos referente ao caso Silva.;Tarefas_e_Delegações_Interna
1263;Parcelamento de honorários referente ao processo de Construtora Alfa Ltda.;Financeiro_e_Custas
2371;Atenção: O holerite do reclamante passou por OCR e está pesquisável.;Gestão_de_Documentos
1626;A guia DARE foi confirmada pelo setor financeiro.;Financeiro_e_Custas
2444;Aviso: O laudo pericial foi protocolado internamente pelo sócio responsável.;Gestão_de_Documentos
353;Recurso de apelação recebido no PJe.;Andamentos_Processuais
4130;Aviso interno: O setor paralegal finalizou o relatório quinzenal para despachar com o juiz.;Tarefas_e_Delegações_Interna
3107;Atenção: O prazo em dobro para a Fazenda termina em 48 horas. Evite a preclusão.;Prazos_e_Audiências
2066;Alerta: O substabelecimento foi digitalizado em alta resolução pelo assistente jurídico.;Gestão_de_Documentos
1425;Custas de citação pendentes no valor de R$ 3.500,00 com acréscimo de multa contratual.;Financeiro_e_Custas
645;Status do processo: Sentença de mérito publicada pelo relator. Aguardando decurso de prazo.;Andamentos_Processuais
291;Status do processo: Apelação interposta pelo relator. Consulte a íntegra no e-Proc.;Andamentos_Processuais
596;Urgente: Juntada de petição no sistema PJe. Notifique-se o cliente da decisão.;Andamentos_Processuais
3860;Audiência de conciliação confirmada para o processo de Distribuidora Central.;Prazos_e_Audiências
222;Aviso de movimentação: Manifestação pericial anexada pelo juízo deprecante. Aguardando decurso de prazo.;Andamentos_Processuais
3306;Urgente: A audiência de instrução foi confirmada para amanhã. Prepare a documentação.;Prazos_e_Audiências
2032;Petição de juntada do RG atualizado assinada com token OAB.;Gestão_de_Documentos
4711;Prioridade alta: O sócio diretor reagendou a pauta de audiências como prioridade 1.;Tarefas_e_Delegações_Interna
3821;Prazo para alegações finais iniciado no processo de Seguradora Atlântica.;Prazos_e_Audiências
3638;Audiência de justificação designada para sexta-feira às 10h, na 11ª Vara Cível.;Prazos_e_Audiências
2219;O RG atualizado do cliente foi protocolado na rede interna para conferência final.;Gestão_de_Documentos
336;Ofício respondido pela autoridade competente na 2ª Vara de Família. Aguardando manifestação da parte contrária.;Andamentos_Processuais
765;Intimação expedida via portal eletrônico.;Andamentos_Processuais
1868;Faturamento: A guia de custas no valor de R$ 4.200,00 foi lançada e enviado ao cliente.;Financeiro_e_Custas
1560;Alerta financeiro: A despesa de cartório foi lançada.;Financeiro_e_Custas
343;Atenção: Decisão interlocutória proferida.;Andamentos_Processuais
4614;Urgente: A coordenadora cível delegou a pauta de audiências para a revisão final do sócio.;Tarefas_e_Delegações_Interna
2765;Documento: O comprovante de pagamento foi protocolado internamente para cumprimento de prazo.;Gestão_de_Documentos
1415;Aviso: Os valores bloqueados foram efetuados aguardando compensação.;Financeiro_e_Custas
83;Revogada a liminar anteriormente deferida. Confira no portal do e-SAJ.;Andamentos_Processuais
4321;Status da tarefa: A equipe cível devolveu o protocolo do recurso na sala de conferências.;Tarefas_e_Delegações_Interna
310;Concedida a tutela antecipada requerida na 2ª Vara Federal. Vista ao autor por 5 dias.;Andamentos_Processuais
3771;A audiência de justificação está aguardando o link da vara. A parte contrária já foi intimada.;Prazos_e_Audiências
3236;Alerta de prazo: O prazo de 15 dias úteis termina em 48 horas. Notifique o cliente.;Prazos_e_Audiências
3237;Atenção: O prazo para recurso inominado encerra-se na próxima semana. O sistema já foi atualizado.;Prazos_e_Audiências
1944;Faturamento: O reembolso de diligência está pendente.;Financeiro_e_Custas
1115;Fatura referente a horas consultivas vencida há 5 dias.;Financeiro_e_Custas
302;Status do processo: Expedido mandado de citação. Aguardando a intimação do réu.;Andamentos_Processuais
4134;O setor paralegal pediu ajuda na tese de defesa e o prazo interno vence hoje.;Tarefas_e_Delegações_Interna
3044;O prazo para contrarrazões termina em 48 horas.;Prazos_e_Audiências
1739;Comprovante de transferência bancária no valor de R$ 12.000,00.;Financeiro_e_Custas
2408;Backup dos documentos de Distribuidora Central realizado com sucesso.;Gestão_de_Documentos
1659;Pagamento pendente: O acordo financeiro foi confirmado com acréscimo de multa.;Financeiro_e_Custas
2004;OCR aplicado no termo de audiência digitalizado.;Gestão_de_Documentos
1331;Urgente: A fatura mensal no valor de R$ 1.000,00 está pendente na conta do escritório.;Financeiro_e_Custas
2431;Upload falhou: O comprovante de pagamento aguarda validação do gestor e o cliente já foi notificado.;Gestão_de_Documentos
177;Urgente: Redistribuição do processo.;Andamentos_Processuais
3451;Importante: A audiência de justificação está aguardando o link.;Prazos_e_Audiências
4127;Status da tarefa: O gestor do departamento concluiu o protocolo do recurso no sistema ERP.;Tarefas_e_Delegações_Interna
2566;O comprovante de residência foi assinado via certificado A3 e o cliente já foi notificado.;Gestão_de_Documentos
4108;Aviso interno: O advogado pleno cancelou a reunião de equipe e aguarda aprovação.;Tarefas_e_Delegações_Interna
668;Andamento: Homologado o acordo. Aguardando decurso de prazo.;Andamentos_Processuais
4679;Tarefa atualizada: O coordenador da equipe finalizou o relatório quinzenal até o final do dia.;Tarefas_e_Delegações_Interna
3581;A sessão de julgamento virtual foi remarcada para sexta-feira.;Prazos_e_Audiências
4689;Sócio diretor delegou a conferência do extrato bancário para você.;Tarefas_e_Delegações_Interna
2235;Aviso: A ata notarial precisa ser reencaminhada pelo assistente jurídico.;Gestão_de_Documentos
1936;Confirmação: Os honorários contratuais foram gerados conforme tabela da OAB.;Financeiro_e_Custas
3278;Lembrete: A sessão do tribunal do júri teve o horário antecipado. O estagiário já incluiu na agenda.;Prazos_e_Audiências
396;Deferida a tutela de urgência pelo Tribunal de Justiça. Verifique o andamento no tribunal.;Andamentos_Processuais
3997;Alerta de prazo: O prazo comum às partes termina em 48 horas. Revise os memoriais.;Prazos_e_Audiências
1212;Guia de custas iniciais emitida no valor de R$ 4.500,00.;Financeiro_e_Custas
4152;Aviso interno: O sócio sênior finalizou a revisão da contestação antes do fim do expediente.;Tarefas_e_Delegações_Interna
1408;Confirmação: As despesas de viagem foram expedidas.;Financeiro_e_Custas
17;Expedição de alvará judicial eletrônico na 3ª Vara Criminal. Aguardando manifestação da parte contrária.;Andamentos_Processuais
3308;Prazo para cumprimento voluntário da sentença vence em 14 dias corridos.;Prazos_e_Audiências
719;Andamento: Homologado o acordo. Notifique-se o cliente da decisão.;Andamentos_Processuais
3080;A audiência de custódia acontecerá na sala 2.;Prazos_e_Audiências
2741;Upload falhou: O contrato social está pendente de assinatura pelo assistente jurídico.;Gestão_de_Documentos
3186;Oitiva de testemunha adiada a pedido de uma das partes.;Prazos_e_Audiências
1645;Aviso: Os honorários contratuais no valor de R$ 2.500,00 foram realizados e enviado ao cliente.;Financeiro_e_Custas
1433;Honorários sucumbenciais referente ao processo da parte autora.;Financeiro_e_Custas
4030;Tarefa atribuída: organizar os documentos do caso João Pereira.;Tarefas_e_Delegações_Interna
4232;Relatório semanal de Banco Meridional foi validado pela diretoria.;Tarefas_e_Delegações_Interna
3722;Oitiva do perito registrada na pauta do dia 24/7.;Prazos_e_Audiências
4666;Nova delegação: A gerência jurídica convocou todos para a reunião mensal para a pauta da semana que vem.;Tarefas_e_Delegações_Interna
4234;Reunião interna marcada para discutir a estratégia do caso Comércio XYZ.;Tarefas_e_Delegações_Interna
4630;Tarefa atribuída: protocolar a petição do caso Grupo Beta Ltda.;Tarefas_e_Delegações_Interna
2479;Status interno: O arquivo PDF excedeu o limite de tamanho.;Gestão_de_Documentos
1326;Os honorários contratuais foram recebidos.;Financeiro_e_Custas
4312;O advogado sênior revisou o resumo do processo e notificou os envolvidos.;Tarefas_e_Delegações_Interna
4862;O Dr. Rafael revisou a tese de defesa para a reunião de sexta.;Tarefas_e_Delegações_Interna
924;Acórdão publicado pelo Tribunal de Justiça.;Andamentos_Processuais
4126;Aviso interno: O sócio sênior conferiu a auditoria de processos via Microsoft Teams.;Tarefas_e_Delegações_Interna
2302;Atenção: O contrato social foi rejeitado pelo tribunal.;Gestão_de_Documentos
42;Andamento: Sentença proferida pelo juízo deprecante. Aguardando a intimação do réu.;Andamentos_Processuais
974;Andamento: Agravo de instrumento recebido. Notifique-se o cliente da decisão.;Andamentos_Processuais
127;Recurso especial admitido na 14ª Vara de Família. Aguardando manifestação da parte contrária.;Andamentos_Processuais
3400;Lembrete: O prazo para réplica vence nesta sexta-feira. Atenção ao calendário interno.;Prazos_e_Audiências
1444;Urgente: O cálculo de liquidação foi emitido e enviado ao cliente.;Financeiro_e_Custas
2569;Cliente solicitou cópia do contrato de prestação de serviços.;Gestão_de_Documentos
2068;Erro de sincronização impediu o salvamento da minuta de acordo.;Gestão_de_Documentos
3112;Audiência de instrução e julgamento designada para sexta-feira às 10h, na 12ª Vara Cível.;Prazos_e_Audiências
4842;O advogado pleno assumiu a planilha de clientes antes do fim do expediente.;Tarefas_e_Delegações_Interna
4723;Lembrete: O coordenador da equipe assumiu a formatação dos documentos na sala de reuniões principal.;Tarefas_e_Delegações_Interna
1364;Pagamento pendente: Os honorários contratuais foram quitados aguardando aprovação da diretoria.;Financeiro_e_Custas
4827;Tarefa atribuída: protocolar a petição do caso Seguradora Atlântica.;Tarefas_e_Delegações_Interna
630;Redistribuição do processo por dependência pelo juiz plantonista.;Andamentos_Processuais
1631;Despesa de correio (AR) no valor de R$ 6.500,00.;Financeiro_e_Custas
2239;Versão atualizada da certidão de casamento substituiu a anterior no repositório.;Gestão_de_Documentos
2368;Nova pasta compartilhada criada para os documentos de Condomínio Jardim das Flores.;Gestão_de_Documentos
2112;Contestação arquivada na pasta digital do processo.;Gestão_de_Documentos
1687;Acordo financeiro quitado confirmado pela controladoria jurídica.;Financeiro_e_Custas
4133;A coordenadora cível transferiu a minuta do acordo com máxima urgência.;Tarefas_e_Delegações_Interna
1564;Guia DARE gerada e enviada ao e-mail do executado.;Financeiro_e_Custas
2842;A escritura do imóvel foi protocolada na rede interna.;Gestão_de_Documentos
3136;Importante: O prazo comum às partes vence nesta sexta-feira. Notifique o cliente.;Prazos_e_Audiências
4721;Aviso interno: A equipe cível finalizou a minuta do acordo na sala de conferências.;Tarefas_e_Delegações_Interna
275;Andamento: Expedido mandado de citação.;Andamentos_Processuais
2705;Nova pasta compartilhada criada para os documentos de Seguradora Atlântica.;Gestão_de_Documentos
4732;Nova delegação: Advogado pleno cancelou o comitê de avaliação.;Tarefas_e_Delegações_Interna
3958;Sessão de julgamento virtual adiada a pedido de uma das partes.;Prazos_e_Audiências
4910;Lembrete: Dra. Camila pediu urgência na análise do caso na sala de reuniões principal.;Tarefas_e_Delegações_Interna
3459;Prazo para contestação expira em 48 horas.;Prazos_e_Audiências
1693;Urgente: A despesa de cartório foi confirmada.;Financeiro_e_Custas
3913;Lembrete: A audiência de conciliação foi cancelada pelo juízo. Não perca o horário estabelecido.;Prazos_e_Audiências
2692;O RG atualizado do cliente foi salvo na pasta do cliente na subpasta de atos.;Gestão_de_Documentos
2244;Aviso: A documentação anexada foi encaminhada ao setor paralegal.;Gestão_de_Documentos
1671;Confirmação: O precatório foi quitado.;Financeiro_e_Custas
1000;Urgente: Expedido mandado de citação.;Andamentos_Processuais
4789;A estagiária revisou a auditoria de processos para despacho com o magistrado.;Tarefas_e_Delegações_Interna
1692;Alerta financeiro: As custas processuais no valor de R$ 3.900,00 foram confirmadas com sucesso.;Financeiro_e_Custas
2359;Documento: A minuta da contestação precisa ser reencaminhada para cumprimento de prazo.;Gestão_de_Documentos
1269;Depósito recursal efetuado pelo setor financeiro.;Financeiro_e_Custas
4250;Status da tarefa: O estagiário reagendou o despacho com o juiz sem dilação de prazo.;Tarefas_e_Delegações_Interna
3937;Alerta de prazo: A audiência de custódia foi remarcada para sexta-feira.;Prazos_e_Audiências
3909;Alerta de prazo: O prazo para manifestação inicia-se amanhã.;Prazos_e_Audiências
2514;Alerta: a guia de recolhimento passou por OCR e está pesquisável.;Gestão_de_Documentos
2774;Atenção: A procuração ad judicia está pendente de assinatura e arquivado de forma definitiva.;Gestão_de_Documentos
3689;Audiência de justificação adiada a pedido de uma das partes.;Prazos_e_Audiências
2737;O dossiê do cliente está disponível para download pelo assistente jurídico.;Gestão_de_Documentos
1092;Confirmação: O reembolso de diligência no valor de R$ 9.000,00 venceu para conferência.;Financeiro_e_Custas
4377;Lembrete: enviar a certidão de nascimento até o fim do dia.;Tarefas_e_Delegações_Interna
2149;Aviso: O RG do cliente foi anexado com sucesso.;Gestão_de_Documentos
818;Determinação de penhora de bens no processo da parte autora.;Andamentos_Processuais
4024;Prioridade: Dra. Camila atribuiu a tarefa de redigir o recurso via Microsoft Teams.;Tarefas_e_Delegações_Interna
1275;A nota fiscal venceu aguardando aprovação da diretoria.;Financeiro_e_Custas
4261;Aviso interno: O departamento cível transferiu a carteira de processos e o prazo interno vence hoje.;Tarefas_e_Delegações_Interna
4538;Urgente: O setor paralegal pediu urgência na análise do caso e o prazo interno vence hoje.;Tarefas_e_Delegações_Interna
1073;RPV (Requisição de Pequeno Valor) e o comprovante anexado aos autos.;Financeiro_e_Custas
3968;Importante: O prazo comum às partes não comporta mais dilação.;Prazos_e_Audiências
181;Atenção: Sentença de mérito publicada. Confira o teor no sistema.;Andamentos_Processuais
4810;Lembrete: A equipe trabalhista encerrou o cadastro da ação para alinhamento estratégico.;Tarefas_e_Delegações_Interna
4220;Coordenador solicitou revisão do comprovante de renda antes do envio ao cliente.;Tarefas_e_Delegações_Interna
3570;O prazo para recurso inominado termina em 5 dias úteis. Verifique os autos para mais detalhes.;Prazos_e_Audiências
741;Homologado o cálculo da contadoria judicial. Notificação enviada por e-mail.;Andamentos_Processuais
4875;Departamento tributário finalizou a revisão dos cálculos do processo de Maria Santos.;Tarefas_e_Delegações_Interna
2909;Atualização: A ata notarial excedeu o limite de tamanho pelo assistente jurídico.;Gestão_de_Documentos
2861;Atualização: A petição inicial foi corrompida durante o upload.;Gestão_de_Documentos
4374;Lembrete: O departamento cível devolveu a minuta com apontamentos para amanhã de manhã.;Tarefas_e_Delegações_Interna
2269;Atualização: O arquivo PDF foi encaminhado ao setor paralegal.;Gestão_de_Documentos
2625;Aviso: A declaração de hipossuficiência está disponível para download pelo sócio responsável.;Gestão_de_Documentos
3356;Oitiva do perito cancelada e será reagendada em breve.;Prazos_e_Audiências
2435;Documento: O comprovante de residência aguarda validação do gestor pelo sócio responsável.;Gestão_de_Documentos
866;Status do processo: Expedido mandado de citação. Verifique o andamento no tribunal.;Andamentos_Processuais
2541;Documento: A petição inicial passou por OCR e está pesquisável via plataforma DocuSign.;Gestão_de_Documentos
4578;Lembrete: A Dra. Mariana assumiu o cadastro da ação para despacho com o magistrado.;Tarefas_e_Delegações_Interna
304;Apelação interposta. Vista às partes por 5 dias.;Andamentos_Processuais
4011;Tarefa atribuída: atualizar a planilha de acompanhamento do caso Comércio XYZ.;Tarefas_e_Delegações_Interna
1369;Depósito judicial referente ao processo de Grupo Beta Ltda.;Financeiro_e_Custas
1474;Comprovante de PIX referente ao processo de Banco Meridional.;Financeiro_e_Custas
4057;Aviso interno: O advogado sênior conferiu a conferência de prazos para despacho com o magistrado.;Tarefas_e_Delegações_Interna
1724;Guia de recolhimento da União (GRU) emitida com sucesso.;Financeiro_e_Custas
3036;Urgente: o prazo para embargos de declaração foi prorrogado pelo juiz.;Prazos_e_Audiências
1965;Boleto de honorários contratuais gerado e enviado ao e-mail de Grupo Beta Ltda.;Financeiro_e_Custas
1931;Precatório inscrito para pagamento no exercício do próximo ano.;Financeiro_e_Custas
962;Devolvido o mandado cumprido positivo pelo oficial de justiça.;Andamentos_Processuais
4003;Sócio solicitou a atualização cadastral de Grupo Beta Ltda no sistema interno.;Tarefas_e_Delegações_Interna
522;Baixa definitiva dos autos no processo nº 0045512-43.2024.8.10.0003.;Andamentos_Processuais
240;Suspensão do processo decretada por 90 dias.;Andamentos_Processuais
2213;Atenção: O comprovante de pagamento está disponível para download.;Gestão_de_Documentos
3530;Sustentação oral designada para o dia 14 às 14h, no 2º Juizado Especial Federal.;Prazos_e_Audiências
232;Autos conclusos para decisão.;Andamentos_Processuais
2092;Documento: A documentação anexada foi corrompida durante o upload.;Gestão_de_Documentos
4445;Nova delegação: O advogado sênior devolveu a auditoria de processos para despacho com o magistrado.;Tarefas_e_Delegações_Interna
911;Inclusão em pauta de julgamento colegiado.;Andamentos_Processuais
2873;Contestação revisada e pronta para envio ao cliente.;Gestão_de_Documentos
1686;Urgente: As despesas de viagem foram expedidas e enviado ao cliente.;Financeiro_e_Custas
1767;Urgente: Os honorários de sucumbência foram atualizados.;Financeiro_e_Custas
1781;Transferência judicial realizada e baixada no sistema.;Financeiro_e_Custas
2607;Nova pasta compartilhada criada para os documentos de Consórcio Nordeste.;Gestão_de_Documentos
422;Atualização processual: Decisão interlocutória proferida na Vara de Família. Notifique-se o cliente da decisão.;Andamentos_Processuais
3135;O prazo para alegações finais está suspenso durante o recesso. Não perca o horário estabelecido.;Prazos_e_Audiências
3130;Urgente: O prazo para apelação inicia-se amanhã. O estagiário já incluiu na agenda.;Prazos_e_Audiências
4881;Status da tarefa: O sócio sênior finalizou o cadastro da ação e notificou os envolvidos.;Tarefas_e_Delegações_Interna
1639;Estorno de honorários concluído referente ao mês vigente.;Financeiro_e_Custas
4540;Workflow iniciado: conferência financeira do processo de Distribuidora Central.;Tarefas_e_Delegações_Interna
2772;Atenção: A ata notarial passou por OCR e está pesquisável no portal do cliente.;Gestão_de_Documentos
3714;Oitiva de testemunha remarcada para o dia 12.;Prazos_e_Audiências
2820;Comprovantes de transferência reunidos em um único arquivo zipado.;Gestão_de_Documentos
4050;Aviso interno: O sócio diretor encerrou a pesquisa jurisprudencial referente ao caso Silva.;Tarefas_e_Delegações_Interna
4908;Lembrete: O coordenador da equipe pediu urgência na análise do caso até o final do dia.;Tarefas_e_Delegações_Interna
3894;O prazo para recurso inominado foi devolvido por 10 dias. Notifique o cliente.;Prazos_e_Audiências
1942;Faturamento: O depósito judicial no valor de R$ 2.200,00 foi expedido aguardando aprovação da diretoria.;Financeiro_e_Custas
1530;Comprovante de transferência bancária para conferência do sócio financeiro.;Financeiro_e_Custas
3264;Audiência una remarcada para o dia 20.;Prazos_e_Audiências
4984;Sócio diretor delegou a revisão da réplica para você.;Tarefas_e_Delegações_Interna
4176;Lembrete: Advogado pleno delegou a elaboração da petição até o final do dia.;Tarefas_e_Delegações_Interna
4497;Lembrete: A gerência jurídica solicitou a revisão da peça para despachar com o juiz.;Tarefas_e_Delegações_Interna
3538;Alerta de prazo: O prazo de 15 dias úteis encerra-se na próxima semana. Verifique no PJe.;Prazos_e_Audiências
40;Autos remetidos à conclusão. O processo segue tramitação normal.;Andamentos_Processuais
2526;Status interno: A minuta da contestação aguarda validação do gestor.;Gestão_de_Documentos
1409;Alerta financeiro: Os honorários contratuais no valor de R$ 6.500,00 foram emitidos com vencimento para amanhã.;Financeiro_e_Custas
4924;A equipe tributária agendou uma reunião de alinhamento.;Tarefas_e_Delegações_Interna
1248;Urgente: Os valores bloqueados foram emitidos e anexado aos autos.;Financeiro_e_Custas
4529;Urgente: O Dr. Carlos cancelou a pauta de audiências antes do fim do expediente.;Tarefas_e_Delegações_Interna
2540;Aviso: A ata notarial foi anexada com sucesso.;Gestão_de_Documentos
3440;Audiência de justificação remarcada para a próxima semana.;Prazos_e_Audiências
1765;Pagamento do perito efetuado referente ao mês vigente.;Financeiro_e_Custas
2603;O comprovante de residência foi protocolado na rede interna no portal eletrônico.;Gestão_de_Documentos
2081;RG atualizado arquivado na pasta digital do processo.;Gestão_de_Documentos
704;Acórdão publicado no processo nº 0019971-49.2022.8.12.0003.;Andamentos_Processuais
1504;Extrato de pagamentos sucumbenciais aguardando aprovação da diretoria.;Financeiro_e_Custas
37;Status do processo: Sentença proferida na 1ª Vara Cível. Aguardando a intimação do réu.;Andamentos_Processuais
4701;Nova delegação: O setor paralegal finalizou o relatório quinzenal antes do envio ao cliente.;Tarefas_e_Delegações_Interna
1062;Faturamento: As custas complementares no valor de R$ 6.800,00 foram creditadas no portal do tribunal.;Financeiro_e_Custas
4992;Aviso interno: Elaborar a pauta de audiências antes do envio ao cliente.;Tarefas_e_Delegações_Interna
4101;Estagiário ficou responsável por preparar a minuta inicial.;Tarefas_e_Delegações_Interna
656;Habilitação de herdeiros deferida.;Andamentos_Processuais
1126;Despesa de correio (AR) aguardando compensação bancária.;Financeiro_e_Custas
180;Ato ordinatório praticado no processo do executado.;Andamentos_Processuais
826;Atualização processual: Embargos de declaração rejeitados na Vara de Família. Vista às partes por 5 dias.;Andamentos_Processuais
944;Ato ordinatório praticado.;Andamentos_Processuais
2968;Assinatura eletrônica do comprovante de renda pendente.;Gestão_de_Documentos
3358;Reagendamento: a audiência foi transferida para o dia 20, às 15h.;Prazos_e_Audiências
1249;Parcelamento de honorários confirmado pela controladoria jurídica.;Financeiro_e_Custas
4934;Coordenador aprovou o extrato bancário antes do envio ao cliente.;Tarefas_e_Delegações_Interna
111;Revogação de liminar anteriormente deferida no processo nº 0085355-12.2021.8.13.0003.;Andamentos_Processuais
2135;Falha no upload: o formato do documento não é suportado pelo tribunal.;Gestão_de_Documentos
1154;O comprovante de PIX foi recolhido.;Financeiro_e_Custas
4636;Tarefa atualizada: A equipe tributária solicitou a revisão da peça para despachar com o juiz.;Tarefas_e_Delegações_Interna
859;Urgente: Homologado o acordo pelo juízo deprecante. Verifique o andamento no tribunal.;Andamentos_Processuais
2434;Petição inicial renomeada conforme padrão do escritório.;Gestão_de_Documentos
2764;Réplica revisada e pronta para envio ao cliente.;Gestão_de_Documentos
2011;Upload falhou: o substabelecimento está disponível para download.;Gestão_de_Documentos
2278;Aviso: A certidão negativa de débitos passou por OCR e está pesquisável.;Gestão_de_Documentos
2911;O comprovante de residência foi anexado com sucesso.;Gestão_de_Documentos
4270;Aviso interno: A Dra. Fernanda pediu a planilha de clientes no sistema ERP.;Tarefas_e_Delegações_Interna
995;Andamento: Juntada de petição pelo Tribunal de Justiça.;Andamentos_Processuais
1233;Faturamento: O precatório foi lançado.;Financeiro_e_Custas
3009;Prazo para embargos de declaração consta registrado na pauta processual do dia 23/3.;Prazos_e_Audiências
4519;Nova delegação: Agendar a planilha de clientes com prioridade alta.;Tarefas_e_Delegações_Interna
779;Baixa definitiva dos autos e arquivamento concluído.;Andamentos_Processuais
115;Atualização processual: Autos remetidos à conclusão. Aguardando a intimação do réu.;Andamentos_Processuais
4307;Alerta: pauta da reunião de equipe já está disponível no portal interno.;Tarefas_e_Delegações_Interna
2570;Documento: O parecer técnico está pendente de assinatura para uso na audiência.;Gestão_de_Documentos
4409;Urgente: Elaborar a contestação e o prazo interno vence hoje.;Tarefas_e_Delegações_Interna
4467;Lembrete: O estagiário aprovou a planilha de clientes para amanhã cedo.;Tarefas_e_Delegações_Interna
3896;Alerta de prazo: A audiência de oitiva de testemunhas foi cancelada pelo juízo.;Prazos_e_Audiências
4591;Checklist interno de revisão contratual foi atualizado.;Tarefas_e_Delegações_Interna
4963;Revisar a pauta de audiências na sala de reuniões principal.;Tarefas_e_Delegações_Interna
378;Indeferida a assistência judiciária gratuita na 4ª Vara de Família. Confira no portal do e-SAJ.;Andamentos_Processuais
2424;Cópia autenticada do termo de audiência solicitada ao cartório.;Gestão_de_Documentos
1383;Confirmação: As despesas de viagem foram recebidas.;Financeiro_e_Custas
2829;Aviso: O contrato de honorários foi protocolado internamente e o cliente já foi notificado.;Gestão_de_Documentos
665;Certidão de trânsito em julgado expedida no processo do reclamante.;Andamentos_Processuais
1191;Pagamento pendente: O depósito recursal venceu.;Financeiro_e_Custas
629;Suspensão do processo decretada. Notifique-se o cliente da decisão.;Andamentos_Processuais
3249;O prazo prescricional foi prorrogado pelo juiz. Evite a perda da oportunidade legal.;Prazos_e_Audiências
332;Juntada de AR de citação negativo.;Andamentos_Processuais
3624;Alerta de prazo: A sessão de julgamento foi adiada para o próximo mês.;Prazos_e_Audiências
3403;Prazo para cumprimento voluntário da sentença foi prorrogado por decisão judicial.;Prazos_e_Audiências
1017;As custas complementares foram confirmadas e anexado aos autos.;Financeiro_e_Custas
4253;Aviso interno: A coordenadora cível finalizou a pauta de audiências sem dilação de prazo.;Tarefas_e_Delegações_Interna
1211;Aviso: Os honorários de sucumbência foram cancelados com vencimento para amanhã.;Financeiro_e_Custas
3069;Prazo para réplica iniciado no processo de Indústria Delta S.A.;Prazos_e_Audiências
2259;A documentação anexada foi digitalizada em alta resolução.;Gestão_de_Documentos
2017;Upload falhou: O dossiê do cliente foi protocolado internamente pelo assistente jurídico.;Gestão_de_Documentos
2315;Atualização: A procuração ad judicia está pendente de assinatura.;Gestão_de_Documentos
3087;Alerta de prazo: A audiência de justificação será presencial no fórum.;Prazos_e_Audiências
778;Embargos de declaração rejeitados no processo de Comércio XYZ.;Andamentos_Processuais
1414;Taxa de desarquivamento paga no sistema interno.;Financeiro_e_Custas
3202;Prazo para contestação vence em 5 dias corridos.;Prazos_e_Audiências
1883;Pagamento pendente: A nota fiscal foi realizada no sistema interno.;Financeiro_e_Custas
4659;Lembrete: O advogado sênior delegou a pauta de audiências como prioridade 1.;Tarefas_e_Delegações_Interna
755;Decretação de revelia da parte ré no PJe.;Andamentos_Processuais
1679;Pagamento pendente: A despesa de cartório foi realizada.;Financeiro_e_Custas
298;Agravo de instrumento recebido.;Andamentos_Processuais
2332;Petição de juntada da petição inicial assinada com token OAB.;Gestão_de_Documentos
2763;O parecer técnico excedeu o limite de tamanho.;Gestão_de_Documentos
4233;"A tarefa ""Pesquisa de bens patrimoniais"" foi marcada como prioritária.";Tarefas_e_Delegações_Interna
1847;Guia de preparo recursal paga no valor de R$ 3.000,00 aguardando aprovação da diretoria.;Financeiro_e_Custas
4211;Estagiário pediu urgência na análise do caso via Microsoft Teams.;Tarefas_e_Delegações_Interna
4724;Urgente: protocolar o recurso — o prazo interno vence hoje.;Tarefas_e_Delegações_Interna
4314;Reunião quinzenal de produtividade da equipe reagendada para sexta-feira.;Tarefas_e_Delegações_Interna
4902;Relatório semanal de Transportadora Rios foi validado pela diretoria.;Tarefas_e_Delegações_Interna
112;Andamento: Determinada a penhora online na 1ª Vara Cível. O prazo recursal inicia-se amanhã.;Andamentos_Processuais
4644;Reunião interna marcada para discutir a estratégia do caso Construtora Alfa Ltda.;Tarefas_e_Delegações_Interna
4490;Urgente: O Dr. Rafael agendou o feedback individual para a reunião de sexta.;Tarefas_e_Delegações_Interna
496;Status do processo: Carta precatória expedida pelo juízo deprecante. Notifique-se o cliente da decisão.;Andamentos_Processuais
1850;Guia de recolhimento da União (GRU) emitida no valor de R$ 1.200,00.;Financeiro_e_Custas
1520;Boleto de honorários contratuais emitido no valor de R$ 6.500,00.;Financeiro_e_Custas
2640;Status interno: O holerite do reclamante está disponível para download e arquivado de forma definitiva.;Gestão_de_Documentos
2874;Contrato de honorários convertido para PDF e salvo no sistema.;Gestão_de_Documentos
1352;Pagamento do perito assistente aprovado pelo sócio financeiro.;Financeiro_e_Custas
754;Homologação de cálculo de liquidação no processo nº 0058407-74.2023.8.21.0003. Publicação no Diário Oficial de hoje.;Andamentos_Processuais
1922;RPV (Requisição de Pequeno Valor) referente ao processo de Indústria Delta S.A.;Financeiro_e_Custas
333;Juntada de laudo pericial aos autos na 14ª Vara de Família.;Andamentos_Processuais
3600;Oitiva do perito marcada para a próxima terça-feira às 15h.;Prazos_e_Audiências
4168;Status da tarefa: O advogado pleno finalizou a elaboração de quesitos via Microsoft Teams.;Tarefas_e_Delegações_Interna
2512;Status interno: O termo de acordo foi encaminhado ao setor paralegal via plataforma DocuSign.;Gestão_de_Documentos
1293;Despesa de cartório lançada conforme determinação judicial.;Financeiro_e_Custas
3170;Lembrete: A audiência de conciliação foi cancelada pelo juízo.;Prazos_e_Audiências
3561;Prazo para impugnação ao cumprimento de sentença vence em 9 dias corridos.;Prazos_e_Audiências
2458;Planilha de cálculos digitalizada e indexada no sistema.;Gestão_de_Documentos
4468;Departamento tributário finalizou a revisão dos cálculos do processo de Silva & Cia.;Tarefas_e_Delegações_Interna
2057;Atenção: A petição inicial foi anexada com sucesso e arquivado de forma definitiva.;Gestão_de_Documentos
3778;Urgente: O prazo de 15 dias úteis foi devolvido por 10 dias.;Prazos_e_Audiências
125;Status do processo: Juntada de petição no portal eletrônico e-SAJ. O processo segue tramitação normal.;Andamentos_Processuais
2675;Atenção: O substabelecimento está pendente de assinatura no dossiê previdenciário.;Gestão_de_Documentos
3105;Prazo para cumprimento voluntário da sentença iniciado no processo de Farmácias Reunidas Ltda.;Prazos_e_Audiências
1993;Alerta financeiro: As custas complementares foram lançadas sem incidência de juros.;Financeiro_e_Custas
614;Carta precatória expedida no processo nº 0075215-86.2021.8.25.0002. Publicação no Diário Oficial de hoje.;Andamentos_Processuais
4048;Sócio solicitou um resumo do caso para a reunião com o cliente amanhã.;Tarefas_e_Delegações_Interna
591;Urgente: Baixa definitiva dos autos.;Andamentos_Processuais
2624;Documento: A certidão negativa de débitos foi salva na pasta digital via aplicativo do escritório.;Gestão_de_Documentos
1068;Pagamento pendente: As despesas de viagem foram geradas.;Financeiro_e_Custas
592;Atualização processual: Acórdão publicado pelo Tribunal de Justiça. Notifique-se o cliente da decisão.;Andamentos_Processuais
4616;Prioridade alta: O advogado sênior reagendou a pauta de audiências referente ao caso Silva.;Tarefas_e_Delegações_Interna
4646;Responder e-mail do perito com os quesitos complementares.;Tarefas_e_Delegações_Interna
3926;Urgente: A audiência de custódia foi confirmada para amanhã. O estagiário já incluiu na agenda.;Prazos_e_Audiências
3910;Lembrete: A audiência de instrução foi designada para hoje às 14h. Verifique no PJe.;Prazos_e_Audiências
4771;Status da tarefa: A equipe tributária encerrou o feedback individual e aguarda aprovação.;Tarefas_e_Delegações_Interna
1742;Nota fiscal de prestação de serviços gerada e enviada ao e-mail do executado.;Financeiro_e_Custas
2031;Documentação: o termo de confidencialidade (NDA) foi rejeitado pelo tribunal.;Gestão_de_Documentos
534;Conflito de competência suscitado no 2º Juizado Especial Federal. Aguardando manifestação da parte contrária.;Andamentos_Processuais
2849;Falha no upload da declaração de imposto de renda: arquivo corrompido.;Gestão_de_Documentos
3510;Atenção: A audiência de instrução será presencial no fórum.;Prazos_e_Audiências
1605;Confirmação: As custas processuais no valor de R$ 4.300,00 foram realizadas e enviado ao cliente.;Financeiro_e_Custas
1741;Confirmação: As despesas de viagem foram creditadas pelo setor financeiro.;Financeiro_e_Custas
357;Recurso de apelação recebido pelo desembargador relator.;Andamentos_Processuais
1066;Honorários de sucumbência creditados no portal do tribunal.;Financeiro_e_Custas
1381;Comprovante de PIX referente ao processo de Silva & Cia.;Financeiro_e_Custas
4522;Nova delegação: A equipe tributária marcou o despacho com o juiz referente ao caso Silva.;Tarefas_e_Delegações_Interna
3137;Urgente: O prazo de 15 dias úteis foi devolvido por 10 dias. Notifique o cliente.;Prazos_e_Audiências
663;Andamento: Carta precatória expedida. Aguardando manifestação das partes.;Andamentos_Processuais
1314;Reembolso de diligência aguardando compensação bancária.;Financeiro_e_Custas
980;Andamento: Decisão interlocutória proferida. Verifique o andamento no tribunal.;Andamentos_Processuais
1484;Alerta financeiro: A RPV foi recebida com acréscimo de multa.;Financeiro_e_Custas
3962;O prazo para rol de testemunhas vence hoje. Atenção ao calendário interno.;Prazos_e_Audiências
4288;Coordenador solicitou revisão do termo de audiência antes do envio ao cliente.;Tarefas_e_Delegações_Interna
3257;Urgente: O prazo para contestação inicia-se amanhã.;Prazos_e_Audiências
1093;Comprovante de PIX recebido no valor de R$ 18.500,00 no valor integral da condenação.;Financeiro_e_Custas
1232;Confirmação: Os honorários de sucumbência no valor de R$ 600,00 foram transferidos pelo setor financeiro.;Financeiro_e_Custas
4186;Nova delegação: A secretaria transferiu a minuta do acordo via Microsoft Teams.;Tarefas_e_Delegações_Interna
2706;Certidão de nascimento categorizada na caixa de entrada do sistema.;Gestão_de_Documentos
2923;Silva & cia anexou o contrato de honorários no portal do escritório.;Gestão_de_Documentos
852;Designação de perícia contábil no Tribunal Regional Federal da 3ª Região.;Andamentos_Processuais
2355;Status interno: O arquivo PDF foi corrompido durante o upload no dossiê previdenciário.;Gestão_de_Documentos
590;Homologação de cálculo de liquidação.;Andamentos_Processuais
3246;Alerta de prazo: A sessão do tribunal do júri foi adiada para o próximo mês.;Prazos_e_Audiências
1498;Aviso: Os honorários de sucumbência foram transferidos na conta do escritório.;Financeiro_e_Custas
431;Atualização processual: Acórdão publicado pela secretaria da vara. Consulte a íntegra no e-Proc.;Andamentos_Processuais
3879;Alerta de prazo: A audiência admonitória foi remarcada para sexta-feira. Evite a preclusão.;Prazos_e_Audiências
2048;Upload falhou: A ata notarial foi encaminhada ao setor paralegal pelo assistente jurídico.;Gestão_de_Documentos
3010;Importante: O prazo de 15 dias úteis inicia-se amanhã. Evite a preclusão.;Prazos_e_Audiências
4071;A petição de agravo aguarda sua aprovação final para protocolo.;Tarefas_e_Delegações_Interna
4079;Nova delegação: A equipe cível transferiu a revisão da contestação referente ao caso Silva.;Tarefas_e_Delegações_Interna
119;Andamento: Homologado o acordo.;Andamentos_Processuais
4431;Urgente: O setor paralegal transferiu a auditoria de processos como prioridade 1.;Tarefas_e_Delegações_Interna
4579;Urgente: Elaborar o contrato social para a pauta da semana que vem.;Tarefas_e_Delegações_Interna
430;Status do processo: Acórdão publicado. Confira o teor no sistema.;Andamentos_Processuais
1864;O cálculo de liquidação no valor de R$ 1.400,00 foi transferido e notificação enviada.;Financeiro_e_Custas
910;Novo despacho publicado no processo nº 0050783-77.2021.8.15.0003.;Andamentos_Processuais
2194;Status interno: A minuta da contestação foi protocolada internamente.;Gestão_de_Documentos
3188;O prazo para réplica vence nesta sexta-feira.;Prazos_e_Audiências
949;Designada perícia médica para o autor. Disponibilizado no Diário da Justiça Eletrônico.;Andamentos_Processuais
759;Deferimento da tutela de urgência no Tribunal Regional Federal da 5ª Região.;Andamentos_Processuais
939;Homologação de acordo entre as partes no processo de Banco Meridional.;Andamentos_Processuais
606;Atenção: Deferida a tutela de urgência. O prazo recursal inicia-se amanhã.;Andamentos_Processuais
1442;Pagamento pendente: A RPV foi paga e enviado ao cliente.;Financeiro_e_Custas
3536;Atenção: A audiência de custódia teve o horário antecipado. Atenção ao calendário interno.;Prazos_e_Audiências
2738;A certidão negativa de débitos foi rejeitada pelo tribunal para uso na audiência.;Gestão_de_Documentos
3032;Alerta de prazo: O prazo para contestação termina em 48 horas. A parte contrária já foi intimada.;Prazos_e_Audiências
1729;Urgente: A RPV foi creditada no portal do tribunal.;Financeiro_e_Custas
3157;Perícia contábil registrada na pauta do dia 22/2.;Prazos_e_Audiências
3599;Atenção: O prazo de 15 dias úteis inicia-se amanhã. Evite a preclusão.;Prazos_e_Audiências
272;Andamento: Agravo de instrumento recebido pelo relator. Notifique-se o cliente da decisão.;Andamentos_Processuais
1656;Cliente informou a realização do depósito judicial na Caixa Econômica.;Financeiro_e_Custas
4720;Aviso interno: A secretaria revisou o cadastro da ação para a reunião de sexta.;Tarefas_e_Delegações_Interna
360;Urgente: Homologado o acordo no processo de execução. Aguardando manifestação das partes.;Andamentos_Processuais
117;Atenção: Expedido alvará eletrônico no Diário da Justiça Eletrônico. O processo segue tramitação normal.;Andamentos_Processuais
3368;Prazo para emenda à petição inicial iniciado no processo de Grupo Beta Ltda.;Prazos_e_Audiências
4225;Status da tarefa: A equipe tributária validou a elaboração de quesitos para alinhamento estratégico.;Tarefas_e_Delegações_Interna
1221;Pagamento pendente: O repasse ao cliente foi lançado.;Financeiro_e_Custas
4214;Urgente: Dra. Camila encerrou o workflow da tarefa e aguarda sua validação.;Tarefas_e_Delegações_Interna
1105;O valor bloqueado via Sisbajud foi transferido para conta judicial.;Financeiro_e_Custas
3205;Prazo para pagamento do preparo recursal iniciado no processo de Construtora Alfa Ltda.;Prazos_e_Audiências
550;Mandado de intimação expedido no PJe.;Andamentos_Processuais
3095;A reunião de tentativa de acordo ocorrerá de forma 100% virtual. Verifique os autos para mais detalhes.;Prazos_e_Audiências
3870;Alerta de perda de prazo: o recurso agendado não foi protocolado.;Prazos_e_Audiências
2967;Documento: A ficha de cadastro foi rejeitada pelo tribunal na subpasta de atos constitutivos.;Gestão_de_Documentos
2869;Laudo pericial convertido para PDF e salvo no sistema.;Gestão_de_Documentos
2061;O contrato social precisa ser reencaminhado.;Gestão_de_Documentos
2369;Aviso: A certidão negativa de débitos foi rejeitada pelo tribunal via plataforma DocuSign.;Gestão_de_Documentos
3963;Atenção: O prazo para alegações finais foi devolvido por 10 dias.;Prazos_e_Audiências
4485;Urgente: O advogado sênior marcou o despacho com o juiz para a revisão final do sócio.;Tarefas_e_Delegações_Interna
3794;Prazo para impugnação ao cumprimento de sentença consta registrado na pauta processual do dia 23/1.;Prazos_e_Audiências
2973;Status interno: O substabelecimento excedeu o limite de tamanho para conferência final.;Gestão_de_Documentos
3495;Alerta de prazo: A audiência admonitória foi confirmada para amanhã. O estagiário já incluiu na agenda.;Prazos_e_Audiências
4762;Urgente: Estagiário devolveu a minuta com apontamentos referente ao passivo trabalhista.;Tarefas_e_Delegações_Interna
4042;Sócio sênior delegou a conferência do comprovante de renda para você.;Tarefas_e_Delegações_Interna
3145;A audiência trabalhista foi remarcada para sexta-feira. O sistema já foi atualizado.;Prazos_e_Audiências
2415;Aviso: A certidão de nascimento foi anexada com sucesso.;Gestão_de_Documentos
2357;Upload falhou: A minuta da contestação foi protocolada internamente.;Gestão_de_Documentos
204;Atualização processual: Vista ao Ministério Público no sistema PJe. Verifique o andamento no tribunal.;Andamentos_Processuais
1813;Transferência judicial realizada no valor de R$ 17.500,00 para conferência do sócio.;Financeiro_e_Custas
4098;Urgente: A Dra. Mariana devolveu a tese de defesa com máxima urgência.;Tarefas_e_Delegações_Interna
4954;Aviso interno: O setor paralegal conferiu a conferência de prazos como prioridade 1.;Tarefas_e_Delegações_Interna
306;Exceção de pré-executividade rejeitada no processo nº 0075522-17.2022.8.12.0003.;Andamentos_Processuais
2487;Cópia autenticada da declaração de imposto de renda solicitada ao cartório.;Gestão_de_Documentos
4539;A controladoria jurídica encerrou a elaboração de quesitos via Microsoft Teams.;Tarefas_e_Delegações_Interna
4350;Urgente: A Dra. Mariana pediu a elaboração de quesitos e notificou os envolvidos.;Tarefas_e_Delegações_Interna
3730;Aviso de pauta: O prazo em dobro para a Fazenda encerra-se na próxima semana. Não perca o horário estabelecido.;Prazos_e_Audiências
3639;Sustentação oral cancelada e será reagendada em breve.;Prazos_e_Audiências
978;Manifestação pericial anexada na Vara de Família.;Andamentos_Processuais
2460;Versão atualizada da declaração de imposto de renda substituiu a anterior no repositório.;Gestão_de_Documentos
4240;Atenção equipe: A equipe trabalhista assumiu a tese de defesa e aguarda aprovação.;Tarefas_e_Delegações_Interna
1368;Confirmação: A despesa de cartório no valor de R$ 100,00 foi recolhida com sucesso.;Financeiro_e_Custas
2914;A cliente anexou a minuta de acordo no portal do escritório.;Gestão_de_Documentos
3990;Alerta de prazo: O prazo peremptório expira amanhã às 18h. Prepare a documentação.;Prazos_e_Audiências
1374;Fatura referente a horas consultivas para conferência do sócio financeiro.;Financeiro_e_Custas
4414;Nova delegação: O Dr. Rafael devolveu o levantamento do passivo para a revisão final do sócio.;Tarefas_e_Delegações_Interna
915;Ofício expedido no processo nº 0065097-27.2023.8.24.0002. Publicação no Diário Oficial de hoje.;Andamentos_Processuais
2950;Aviso: A declaração de hipossuficiência foi digitalizada em alta resolução.;Gestão_de_Documentos
1519;Cliente solicitou segunda via do boleto de honorários de agosto.;Financeiro_e_Custas
3114;Oitiva do perito registrada na pauta do dia 8/1.;Prazos_e_Audiências
4577;Lembrete: A controladoria jurídica finalizou a auditoria de processos como prioridade 1.;Tarefas_e_Delegações_Interna
4417;Nova delegação: Finalizar o contrato social referente ao passivo trabalhista.;Tarefas_e_Delegações_Interna
3088;Prazo para apresentação de recurso foi prorrogado por decisão judicial.;Prazos_e_Audiências
2468;A escritura do imóvel foi digitalizada em alta resolução via plataforma DocuSign.;Gestão_de_Documentos
3389;Audiência de conciliação confirmada para o processo do reclamante.;Prazos_e_Audiências
3967;Importante: A audiência de custódia foi confirmada para amanhã.;Prazos_e_Audiências
1253;Pagamento pendente: Os valores bloqueados no valor de R$ 2.600,00 foram creditados pelo setor financeiro.;Financeiro_e_Custas
936;Indeferida a assistência judiciária gratuita. Prazo comum aberto.;Andamentos_Processuais
2426;O RG atualizado do cliente está pendente de assinatura digital e o cliente foi notificado.;Gestão_de_Documentos
11;Sentença julgada improcedente. Autos aguardam prazo no cartório.;Andamentos_Processuais
2645;Status interno: A certidão de nascimento foi protocolada internamente.;Gestão_de_Documentos
3169;O prazo para rol de testemunhas foi devolvido por 10 dias.;Prazos_e_Audiências
987;Status do processo: Baixa definitiva dos autos na Vara de Família.;Andamentos_Processuais
2529;OCR aplicado no RG atualizado digitalizado.;Gestão_de_Documentos
3751;O prazo para contestação acaba em 48 horas. Verifique os autos para mais detalhes.;Prazos_e_Audiências
4697;Lembrete: A equipe tributária atribuiu o levantamento do passivo como prioridade 1.;Tarefas_e_Delegações_Interna
3699;Audiência trabalhista designada para amanhã às 9h, na 3ª Vara Criminal.;Prazos_e_Audiências
705;Determinada a expedição de ofício ao Empregador.;Andamentos_Processuais
1593;Faturamento: As custas complementares foram emitidas.;Financeiro_e_Custas
2340;Status interno: A ficha de cadastro excedeu o limite de tamanho e arquivado de forma definitiva.;Gestão_de_Documentos
4634;Prioridade alta: O Dr. Carlos solicitou a reunião de equipe para despacho com o magistrado.;Tarefas_e_Delegações_Interna
3003;O prazo peremptório termina em 5 dias úteis.;Prazos_e_Audiências
844;Habilitação de herdeiros deferida no PJe.;Andamentos_Processuais
279;Atenção: Apelação interposta. Consulte a íntegra no e-Proc.;Andamentos_Processuais
208;Concedida a tutela antecipada requerida. Confira no portal do e-SAJ.;Andamentos_Processuais
4777;Relatório semanal de Empresa Ômega Serviços foi validado pela diretoria.;Tarefas_e_Delegações_Interna
2309;Atualização: O comprovante de pagamento aguarda validação do gestor para cumprimento de prazo.;Gestão_de_Documentos
1745;Alerta financeiro: O pagamento do perito foi recolhido.;Financeiro_e_Custas
2790;Atualização: O contrato social está pendente de assinatura para conferência final.;Gestão_de_Documentos
3804;A audiência de conciliação acontecerá na sala 3 do CEJUSC.;Prazos_e_Audiências
3854;Audiência de instrução e julgamento designada para amanhã às 9h, na 15ª Vara Trabalhista.;Prazos_e_Audiências
2887;A certidão negativa de débitos foi rejeitada pelo tribunal.;Gestão_de_Documentos
3303;Urgente: A audiência admonitória está aguardando o link. Evite a preclusão.;Prazos_e_Audiências
3594;Aviso de pauta: O prazo em dobro para a Fazenda inicia-se amanhã. Revise os memoriais.;Prazos_e_Audiências
4617;Lembrete: O Dr. Rafael validou a reunião de equipe para alinhamento estratégico.;Tarefas_e_Delegações_Interna
1750;Confirmação: O bloqueio Sisbajud no valor de R$ 1.000,00 foi confirmado na conta do escritório.;Financeiro_e_Custas
1053;Faturamento: Os honorários de sucumbência foram emitidos e notificação enviada.;Financeiro_e_Custas
1247;Guia de custas iniciais emitida no valor de R$ 2.500,00.;Financeiro_e_Custas
4318;Aviso interno: O gestor do departamento aprovou o protocolo do recurso e notificou os envolvidos.;Tarefas_e_Delegações_Interna
49;Pedido de vista formulado por desembargador no Tribunal Regional Federal da 5ª Região.;Andamentos_Processuais
3992;Prazo para apresentação de recurso expira hoje às 23h59.;Prazos_e_Audiências
2014;Backup dos documentos de Indústria Delta S.A. realizado com sucesso.;Gestão_de_Documentos
3972;Importante: A sessão do tribunal do júri teve o horário antecipado.;Prazos_e_Audiências
4814;Aviso interno: O coordenador da equipe conferiu o resumo do processo na sala de conferências.;Tarefas_e_Delegações_Interna
3497;O prazo para preparo recursal encerra-se na próxima sexta-feira. Evite a perda da oportunidade legal.;Prazos_e_Audiências
2778;O comprovante de residência foi enviado para o e-mail do cliente no sistema interno.;Gestão_de_Documentos
319;Juntada de laudo pericial contábil.;Andamentos_Processuais
4919;Urgente: A equipe tributária cancelou o comitê de avaliação para amanhã de manhã.;Tarefas_e_Delegações_Interna
3209;O prazo prescricional vence nesta sexta-feira. Atenção ao calendário interno.;Prazos_e_Audiências
3866;Atenção: O prazo peremptório foi devolvido por 10 dias. Notifique o cliente.;Prazos_e_Audiências
519;Atualização processual: Embargos de declaração rejeitados. Verifique o andamento no tribunal.;Andamentos_Processuais
1456;Urgente: O bloqueio Sisbajud foi efetuado pela controladoria.;Financeiro_e_Custas
4576;Lembrete: A Dra. Fernanda validou a conferência de prazos para a revisão final do sócio.;Tarefas_e_Delegações_Interna
465;Atenção: Baixa definitiva dos autos no Juizado Especial. Consulte a íntegra no e-Proc.;Andamentos_Processuais
1266;Repasse do valor do acordo extrajudicial para a conta do cliente concluído.;Financeiro_e_Custas
2403;A cliente anexou o parecer técnico no portal do escritório.;Gestão_de_Documentos
584;Atenção: Determinada a penhora online nos autos da ação. Vista às partes por 5 dias.;Andamentos_Processuais
2071;Status interno: A procuração ad judicia foi digitalizada em alta resolução para instrução probatória.;Gestão_de_Documentos
2507;Upload falhou: O relatório médico está pendente de assinatura pelo assistente jurídico.;Gestão_de_Documentos
4188;Departamento financeiro finalizou a revisão dos cálculos do processo de Farmácias Reunidas Ltda.;Tarefas_e_Delegações_Interna
3193;Urgente: O prazo em dobro para a Fazenda está suspenso.;Prazos_e_Audiências
2197;Upload falhou: A petição inicial foi corrompida durante o upload.;Gestão_de_Documentos
1310;Guia DARE gerada e enviada ao e-mail de Silva & Cia.;Financeiro_e_Custas
4363;Lembrete: O estagiário finalizou a análise de viabilidade para amanhã cedo.;Tarefas_e_Delegações_Interna
2660;Assinatura eletrônica da certidão de casamento pendente.;Gestão_de_Documentos
2754;A cliente anexou a procuração ad judicia no portal do escritório.;Gestão_de_Documentos
882;Andamento: Deferida a tutela de urgência na 3ª Vara Criminal. Confira o teor no sistema.;Andamentos_Processuais
3449;Alerta de prazo: A sessão do tribunal do júri foi confirmada para amanhã. Prepare a documentação.;Prazos_e_Audiências
3204;Prazo para emenda à petição inicial vence em 15 dias corridos.;Prazos_e_Audiências
835;Pedido de habilitação de herdeiros deferido. Autos aguardam prazo no cartório.;Andamentos_Processuais
1730;Fundo fixo para pequenas despesas do escritório foi reabastecido.;Financeiro_e_Custas
3108;Importante: A audiência de conciliação foi confirmada para amanhã. Notifique o cliente.;Prazos_e_Audiências
3509;Prazo para juntada de documentos complementares consta registrado na pauta processual do dia 7/8.;Prazos_e_Audiências
174;Andamento: Juntada de petição. O prazo recursal inicia-se amanhã.;Andamentos_Processuais
1155;O alvará de levantamento no valor de R$ 5.600,00 está pendente pelo setor financeiro.;Financeiro_e_Custas
4717;Lembrete: O setor paralegal aprovou o levantamento do passivo como prioridade 1.;Tarefas_e_Delegações_Interna
1192;Alerta financeiro: O precatório no valor de R$ 8.000,00 foi atualizado pelo setor financeiro.;Financeiro_e_Custas
3351;Alerta de prazo: A audiência de conciliação foi cancelada pelo juízo. O sistema já foi atualizado.;Prazos_e_Audiências
3234;Sessão de julgamento presencial registrada na pauta do dia 3/9.;Prazos_e_Audiências
2946;A guia de recolhimento foi protocolada na rede interna no dossiê previdenciário.;Gestão_de_Documentos
1819;Faturamento: As custas complementares foram quitadas com acréscimo de multa.;Financeiro_e_Custas
3618;Prazo para alegações finais consta registrado na pauta processual do dia 24/8.;Prazos_e_Audiências
3478;Atenção: A sessão do tribunal do júri ocorrerá de forma 100% virtual. Não perca o horário estabelecido.;Prazos_e_Audiências
2864;Alerta: O termo de acordo foi enviado por e-mail.;Gestão_de_Documentos
3058;Aviso de pauta: A sessão do tribunal do júri será presencial no fórum. Revise os memoriais.;Prazos_e_Audiências
2400;A certidão de nascimento excedeu o limite de tamanho.;Gestão_de_Documentos
3625;A sessão plenária do júri teve o horário antecipado para as 09h. O estagiário já incluiu na agenda.;Prazos_e_Audiências
4120;Coordenador solicitou revisão da réplica antes do envio ao cliente.;Tarefas_e_Delegações_Interna
1392;Precatório no valor de R$ 18.000,00.;Financeiro_e_Custas
4419;Prioridade alta: A Dra. Mariana solicitou a planilha de clientes e aguarda aprovação.;Tarefas_e_Delegações_Interna
3192;O prazo para rol de testemunhas vence hoje. Verifique os autos para mais detalhes.;Prazos_e_Audiências
2551;Atenção: A carta de preposição está pendente de assinatura na nuvem corporativa.;Gestão_de_Documentos
2316;Alerta: A documentação anexada foi assinada digitalmente.;Gestão_de_Documentos
2546;Upload da procuração concluído com sucesso.;Gestão_de_Documentos
3671;Urgente: A audiência admonitória foi remarcada para sexta-feira. Notifique o cliente.;Prazos_e_Audiências
303;Atualização processual: Manifestação pericial anexada. Confira o teor no sistema.;Andamentos_Processuais
2104;Erro de sincronização impediu o salvamento do extrato bancário.;Gestão_de_Documentos
1543;Acordo financeiro quitado conforme tabela da OAB.;Financeiro_e_Custas
4077;Tarefa atualizada: Advogado pleno finalizou o relatório quinzenal e o prazo interno vence hoje.;Tarefas_e_Delegações_Interna
1568;Honorários periciais aguardando compensação bancária.;Financeiro_e_Custas
3005;Urgente: o prazo comum encerra-se na próxima sexta-feira.;Prazos_e_Audiências
529;Sentença julgada improcedente na 5ª Vara Cível. Confira no portal do e-SAJ.;Andamentos_Processuais
4174;Atenção equipe: O gestor do departamento assumiu a análise de viabilidade como prioridade 1.;Tarefas_e_Delegações_Interna
1753;Falha na emissão da nota fiscal de prestação de serviços jurídicos.;Financeiro_e_Custas
1124;Confirmação: A retenção de imposto foi gerada conforme determinação judicial.;Financeiro_e_Custas
3583;Urgente: A audiência de justificação está aguardando o link.;Prazos_e_Audiências
1034;Guia de diligência do oficial de justiça gerada e enviada ao e-mail do executado.;Financeiro_e_Custas
2928;Alerta: O comprovante de residência foi corrompido durante o upload na nuvem corporativa.;Gestão_de_Documentos
3138;Prazo para alegações finais por memoriais encerra hoje.;Prazos_e_Audiências
1344;A penhora online foi gerada pelo setor financeiro.;Financeiro_e_Custas
3607;Urgente: A sessão de julgamento teve o horário antecipado. Verifique no PJe.;Prazos_e_Audiências
2894;O comprovante de residência foi assinado via certificado A3 no portal eletrônico.;Gestão_de_Documentos
2630;Aviso: O holerite do reclamante está disponível para download via aplicativo do escritório.;Gestão_de_Documentos
996;Atenção: Agravo de instrumento recebido. Aguardando manifestação das partes.;Andamentos_Processuais
448;Voto do relator publicado na 11ª Vara Cível. Vista às partes por 5 dias.;Andamentos_Processuais
1147;Cálculo de liquidação atualizado.;Financeiro_e_Custas
4610;Lembrete: Elaborar os andamentos com prioridade alta.;Tarefas_e_Delegações_Interna
2186;O holerite do reclamante precisa ser reencaminhado.;Gestão_de_Documentos
4231;A Dra. Mariana assumiu a reunião de equipe com máxima urgência.;Tarefas_e_Delegações_Interna
4856;Aviso interno: O gestor do departamento concluiu a tese de defesa e aguarda aprovação.;Tarefas_e_Delegações_Interna
3042;O prazo para juntada de documentos vence hoje. Revise os memoriais.;Prazos_e_Audiências
3658;Lembrete: A audiência trabalhista foi adiada para o próximo mês. O estagiário já incluiu na agenda.;Prazos_e_Audiências
2103;Documento: A petição inicial foi digitalizada em alta resolução na nuvem corporativa.;Gestão_de_Documentos
4070;Nova delegação: Dra. Camila aprovou a estratégia de defesa até o final do dia.;Tarefas_e_Delegações_Interna
2310;Alerta: A certidão de nascimento foi fragmentada em partes.;Gestão_de_Documentos
2477;Versão atualizada do comprovante de renda substituiu a anterior no repositório.;Gestão_de_Documentos
2157;Petição inicial digitalizada e indexada no sistema.;Gestão_de_Documentos
2885;Minuta de acordo arquivada na pasta digital do processo.;Gestão_de_Documentos
3890;Atenção: O prazo para alegações finais termina em 48 horas.;Prazos_e_Audiências
2109;Planilha de cálculos movida para a pasta de arquivo morto.;Gestão_de_Documentos
4572;Atenção equipe: O Dr. Carlos devolveu a tese de defesa via Microsoft Teams.;Tarefas_e_Delegações_Interna
2448;Upload falhou: A ficha de cadastro passou por OCR e está pesquisável.;Gestão_de_Documentos
1541;Reembolso de diligência referente ao processo de Condomínio Jardim das Flores.;Financeiro_e_Custas
2058;Atualização: O contrato de locação foi protocolado internamente no sistema interno do escritório.;Gestão_de_Documentos
3233;O prazo para manifestação sobre o laudo expira amanhã às 18h. Não perca o horário estabelecido.;Prazos_e_Audiências
2209;Upload falhou: A ata notarial excedeu o limite de tamanho via aplicativo do escritório.;Gestão_de_Documentos
3378;Atenção: A audiência trabalhista foi cancelada pelo juízo. O estagiário já incluiu na agenda.;Prazos_e_Audiências
1743;Urgente: A guia DARE foi efetuada com vencimento para amanhã.;Financeiro_e_Custas
370;Extinção do processo sem resolução de mérito no processo da parte autora.;Andamentos_Processuais
586;Prevenção de juízo declarada no Tribunal Regional do Trabalho.;Andamentos_Processuais
288;Aviso de movimentação: Embargos de declaração rejeitados na Vara da Fazenda Pública. Prazo comum aberto.;Andamentos_Processuais
2628;A certidão de trânsito em julgado foi encaminhada ao setor paralegal.;Gestão_de_Documentos
3656;Perícia médica cancelada e será reagendada em breve.;Prazos_e_Audiências
487;Aviso de movimentação: Novo despacho proferido. Aguardando decurso de prazo.;Andamentos_Processuais
533;Decisão interlocutória publicada no processo nº 0078361-53.2024.8.22.0002. Publicação no Diário Oficial de hoje.;Andamentos_Processuais
4268;Atenção equipe: A coordenadora cível agendou o despacho com o juiz via Microsoft Teams.;Tarefas_e_Delegações_Interna
4166;Lembrete: A advogada júnior assumiu o protocolo do recurso para a reunião de sexta.;Tarefas_e_Delegações_Interna
39;Arquivamento do feito ordenado na 11ª Vara da Fazenda Pública. Verifique o andamento no PJe.;Andamentos_Processuais
2027;Alerta: O holerite do reclamante foi salvo na pasta digital na subpasta de atos constitutivos.;Gestão_de_Documentos
371;Atenção: Autos remetidos à conclusão no Juizado Especial. Notifique-se o cliente da decisão.;Andamentos_Processuais
903;Atualização processual: Apelação interposta no Diário da Justiça Eletrônico. Vista às partes por 5 dias.;Andamentos_Processuais
3810;Perícia contábil cancelada e será reagendada em breve.;Prazos_e_Audiências
3754;Atenção: O prazo para contestação não comporta mais dilação. Evite a preclusão.;Prazos_e_Audiências
2604;Alerta: O arquivo PDF está disponível para download.;Gestão_de_Documentos
4731;Lembrete: revisar a procuração até hoje às 18h.;Tarefas_e_Delegações_Interna
3256;Importante: A audiência trabalhista foi remarcada para sexta-feira. Revise os memoriais.;Prazos_e_Audiências
4896;Workflow iniciado: conferência financeira do processo de Silva & Cia.;Tarefas_e_Delegações_Interna
1282;Alerta financeiro: A fatura mensal foi cancelada e anexado aos autos.;Financeiro_e_Custas
1004;Fatura mensal em aberto encaminhada para cobrança administrativa.;Financeiro_e_Custas
3819;Aviso de pauta: A audiência de justificação foi adiada para o próximo mês.;Prazos_e_Audiências
2377;A carta de preposição foi salva na pasta do cliente no dossiê previdenciário.;Gestão_de_Documentos
4498;Relatório semanal de João Pereira foi validado pela diretoria.;Tarefas_e_Delegações_Interna
1438;Reembolso de diligência aprovado.;Financeiro_e_Custas
358;Juntada de laudo pericial aos autos na 4ª Vara da Fazenda Pública. Vista às partes por 5 dias.;Andamentos_Processuais
355;Andamento: Sentença proferida. Consulte a íntegra no e-Proc.;Andamentos_Processuais
4841;Lembrete: O advogado pleno reagendou a reunião de equipe antes do fim do expediente.;Tarefas_e_Delegações_Interna
4097;Prioridade alta: A controladoria jurídica atribuiu o levantamento do passivo para a revisão final do sócio.;Tarefas_e_Delegações_Interna
4885;Departamento tributário finalizou a revisão dos cálculos do processo de Transportadora Rios.;Tarefas_e_Delegações_Interna
3940;O prazo para contestação foi devolvido por 10 dias. Prepare a documentação necessária.;Prazos_e_Audiências
2635;Atenção: A ficha de cadastro precisa ser reencaminhada para cumprimento de prazo.;Gestão_de_Documentos
3367;Audiência de instrução e julgamento marcada para sexta-feira às 10h.;Prazos_e_Audiências
2181;Documento: O holerite do reclamante está pendente de assinatura para instrução probatória.;Gestão_de_Documentos
3489;O prazo para juntada de documentos termina em 48 horas.;Prazos_e_Audiências
2749;A declaração de hipossuficiência foi salva na pasta do cliente no dossiê previdenciário.;Gestão_de_Documentos
4052;Lembrete: enviar a certidão de nascimento até hoje às 18h.;Tarefas_e_Delegações_Interna
4758;Urgente: A gerência jurídica devolveu a minuta com apontamentos para despachar com o juiz.;Tarefas_e_Delegações_Interna
3539;Urgente: A audiência de oitiva de testemunhas foi adiada para o próximo mês. O sistema já foi atualizado.;Prazos_e_Audiências
4150;Urgente: O coordenador da equipe agendou a pauta de audiências até as 18h.;Tarefas_e_Delegações_Interna
4487;Workflow encerrado: conferência financeira do processo de Comércio XYZ.;Tarefas_e_Delegações_Interna
2791;Atualização: A guia de custas foi fragmentada em partes via aplicativo do escritório.;Gestão_de_Documentos
2196;Status interno: O dossiê do cliente foi encaminhado ao setor paralegal.;Gestão_de_Documentos
4664;Workflow encerrado: todas as tarefas internas deste processo foram concluídas.;Tarefas_e_Delegações_Interna
1076;Planilha de débitos judiciais referente ao processo de Transportadora Rios.;Financeiro_e_Custas
4275;Solicitação de suporte: verificar pendência financeira de Construtora Alfa Ltda.;Tarefas_e_Delegações_Interna
4816;Estagiário ficou responsável por organizar o arquivo físico.;Tarefas_e_Delegações_Interna
3448;Sessão de julgamento virtual marcada para segunda-feira às 11h.;Prazos_e_Audiências
4269;Relatório quinzenal de João Pereira foi validado pela diretoria.;Tarefas_e_Delegações_Interna
3439;Prazo para emenda à petição inicial consta registrado na pauta processual do dia 27/3.;Prazos_e_Audiências
3707;Importante: A sessão do tribunal do júri foi cancelada pelo juízo. Atenção ao calendário interno.;Prazos_e_Audiências
4335;Aviso interno: O estagiário concluiu a tese de defesa com máxima urgência.;Tarefas_e_Delegações_Interna
2346;Versão atualizada do comprovante de residência substituiu a anterior no repositório.;Gestão_de_Documentos
1427;Honorários de sucumbência creditados com vencimento para amanhã.;Financeiro_e_Custas
251;Autos remetidos à conclusão na 11ª Vara Criminal. Vista ao autor por 5 dias.;Andamentos_Processuais
480;Embargos de declaração acolhidos na 9ª Vara de Falências e Recuperação Judicial.;Andamentos_Processuais
2929;Atualização: O RG do cliente excedeu o limite de tamanho.;Gestão_de_Documentos
4961;Tarefa atualizada: Agendar a pauta de audiências até o final do dia.;Tarefas_e_Delegações_Interna
1699;Retenção de imposto calculada e o comprovante anexado aos autos.;Financeiro_e_Custas
4813;Status da tarefa: A Dra. Fernanda solicitou a planilha de clientes e notificou os envolvidos.;Tarefas_e_Delegações_Interna
2937;O holerite do reclamante precisa ser reencaminhado pelo assistente jurídico.;Gestão_de_Documentos
3119;Atenção: A audiência de custódia foi remarcada para sexta-feira.;Prazos_e_Audiências
1580;Honorários contratuais aguardando aprovação da diretoria.;Financeiro_e_Custas
2372;Petição de juntada de novos documentos assinada com token OAB.;Gestão_de_Documentos
2475;Atenção: O termo de acordo foi rejeitado pelo tribunal pelo sócio responsável.;Gestão_de_Documentos
4469;Solicitação de suporte: verificar status do processo de Seguradora Atlântica.;Tarefas_e_Delegações_Interna
4800;Aviso interno: Dr. Roberto pediu urgência na análise do caso para a pauta da semana que vem.;Tarefas_e_Delegações_Interna
3493;Urgente: A audiência de instrução acontecerá na sala 2. O estagiário já incluiu na agenda.;Prazos_e_Audiências
1707;Confirmação: A RPV no valor de R$ 500,00 foi aprovada aguardando compensação.;Financeiro_e_Custas
942;Andamento: Trânsito em julgado certificado.;Andamentos_Processuais
4967;Reunião interna marcada para discutir a estratégia do caso Grupo Beta Ltda.;Tarefas_e_Delegações_Interna
2598;Aviso: A declaração de hipossuficiência foi enviada por e-mail.;Gestão_de_Documentos
2674;Extrato bancário categorizado na caixa de entrada do sistema.;Gestão_de_Documentos
2353;Comprovante de residência recebido por e-mail e protocolado no sistema interno.;Gestão_de_Documentos
2998;Faltam RG e CPF atualizados na pasta digital do cliente.;Gestão_de_Documentos
1848;Faturamento: As despesas de viagem foram atualizadas e enviado ao cliente.;Financeiro_e_Custas
1262;Alerta financeiro: O cálculo de liquidação foi efetuado.;Financeiro_e_Custas
4257;A equipe tributária aprovou o preenchimento do timesheet e aguarda aprovação.;Tarefas_e_Delegações_Interna
4458;O coordenador da equipe cancelou a pauta de audiências com máxima urgência.;Tarefas_e_Delegações_Interna
20;Atenção: Redistribuição do processo. Aguardando decurso de prazo.;Andamentos_Processuais
1428;Honorários contratuais aguardando compensação bancária.;Financeiro_e_Custas
4788;Atenção equipe: O coordenador da equipe atribuiu a análise de viabilidade antes do fim do expediente.;Tarefas_e_Delegações_Interna
573;Certidão de decurso de prazo expedida pelo presidente da turma julgadora.;Andamentos_Processuais
520;Embargos de declaração rejeitados na 18ª Vara Federal. Vista ao autor por 5 dias.;Andamentos_Processuais
2127;Carteira de trabalho revisada e pronta para envio ao cliente.;Gestão_de_Documentos
399;Redistribuição do processo pelo juízo deprecante. Aguardando manifestação das partes.;Andamentos_Processuais
624;Status do processo: Indeferida a liminar. Confira o teor no sistema.;Andamentos_Processuais
3250;O prazo para juntada de procuração encerra-se na próxima sexta-feira. Revise os memoriais antes da data.;Prazos_e_Audiências
3845;Lembrete: O prazo de 15 dias úteis não comporta mais dilação. Revise os memoriais.;Prazos_e_Audiências
3704;Alerta de prazo: A sessão de mediação foi remarcada para sexta-feira. Não perca o horário estabelecido.;Prazos_e_Audiências
4570;Nova delegação: O Dr. Carlos delegou a reunião de equipe referente ao caso Silva.;Tarefas_e_Delegações_Interna
1983;Honorários sucumbenciais aguardando compensação bancária.;Financeiro_e_Custas
1703;Os honorários contratuais foram pagos aguardando compensação.;Financeiro_e_Custas
3215;Alerta de prazo: A audiência de instrução foi remarcada para sexta-feira. O estagiário já incluiu na agenda.;Prazos_e_Audiências
423;Revogação de liminar anteriormente deferida no PJe.;Andamentos_Processuais
2064;Upload do contrato social concluído com sucesso.;Gestão_de_Documentos
3511;Oitiva de testemunha marcada para segunda-feira às 11h.;Prazos_e_Audiências
3952;A audiência de conciliação foi remarcada para sexta-feira.;Prazos_e_Audiências
3051;Prazo para pagamento do preparo recursal iniciado no processo de Empresa Ômega Serviços.;Prazos_e_Audiências
2948;Upload falhou: O contrato de honorários foi assinado digitalmente.;Gestão_de_Documentos
3683;Urgente: O prazo prescricional vence hoje. Revise os memoriais.;Prazos_e_Audiências
1973;Confirmação: O precatório no valor de R$ 2.200,00 foi atualizado na conta do escritório.;Financeiro_e_Custas
479;Revogação de liminar anteriormente deferida no processo nº 0088429-91.2021.8.25.0001.;Andamentos_Processuais
2034;OCR aplicado na certidão de nascimento digitalizada.;Gestão_de_Documentos
4533;Coordenador aprovou a carteira de trabalho antes do envio ao cliente.;Tarefas_e_Delegações_Interna
3101;A audiência de justificação está aguardando o link. Revise os memoriais.;Prazos_e_Audiências
2203;Alerta: O termo de acordo foi fragmentado em partes na subpasta de atos constitutivos.;Gestão_de_Documentos
2379;O comprovante de residência foi corrompido durante o upload no sistema interno.;Gestão_de_Documentos
1651;Acordo financeiro quitado com acréscimo de multa contratual.;Financeiro_e_Custas
4338;Workflow iniciado: conferência financeira do processo de Comércio XYZ.;Tarefas_e_Delegações_Interna
1317;Repasse ao cliente finalizado no valor de R$ 3.000,00 referente ao mês vigente.;Financeiro_e_Custas
947;Determinada a penhora de bens móveis.;Andamentos_Processuais
3953;Prazo para impugnação ao cumprimento de sentença expira na sexta-feira.;Prazos_e_Audiências
4866;Lembrete: O gestor do departamento validou a minuta do acordo para alinhamento estratégico.;Tarefas_e_Delegações_Interna
3595;Audiência de instrução e julgamento adiada a pedido de uma das partes.;Prazos_e_Audiências
1715;Guia de recolhimento da União (GRU) gerada e enviada ao e-mail do reclamante.;Financeiro_e_Custas
1421;Pagamento pendente: As custas processuais venceram conforme tabela da OAB.;Financeiro_e_Custas
178;Intimação expedida via portal eletrônico. Autos aguardam prazo no cartório.;Andamentos_Processuais
3939;Audiência una confirmada para o processo de Condomínio Jardim das Flores.;Prazos_e_Audiências
966;Status do processo: Suspensão do processo decretada no processo de execução. Cumpra-se com urgência.;Andamentos_Processuais
4291;Prioridade alta: A controladoria jurídica reagendou o feedback individual para a reunião de sexta.;Tarefas_e_Delegações_Interna
2696;Comércio xyz anexou o parecer técnico no portal do escritório.;Gestão_de_Documentos
1534;Guia de custas finais emitida com sucesso.;Financeiro_e_Custas
1416;Aviso: Os valores bloqueados no valor de R$ 3.200,00 foram cancelados no portal do tribunal.;Financeiro_e_Custas
2686;Aviso: A procuração ad judicia passou por OCR e está pesquisável.;Gestão_de_Documentos
781;Atenção: Novo despacho proferido pelo Tribunal de Justiça. Consulte a íntegra no e-Proc.;Andamentos_Processuais
1887;Urgente: Os honorários de sucumbência foram atualizados para conferência.;Financeiro_e_Custas
2449;Documento: O RG do cliente foi digitalizado em alta resolução.;Gestão_de_Documentos
3055;Urgente: a sessão de mediação familiar teve o horário antecipado para as 09h.;Prazos_e_Audiências
3938;O prazo prescricional vence nesta sexta-feira. Notifique o cliente.;Prazos_e_Audiências
2766;Backup dos documentos de Maria Santos realizado com sucesso.;Gestão_de_Documentos
186;Aviso de movimentação: Juntada de petição. Verifique o andamento no tribunal.;Andamentos_Processuais
2812;A certidão de trânsito em julgado excedeu o limite de tamanho do sistema via aplicativo.;Gestão_de_Documentos
4219;Urgente: O setor paralegal agendou a pauta de audiências até as 18h.;Tarefas_e_Delegações_Interna
134;Atualização processual: Acórdão publicado. Notifique-se o cliente da decisão.;Andamentos_Processuais
1377;Alerta financeiro: A RPV foi transferida aguardando aprovação da diretoria.;Financeiro_e_Custas
3025;Lembrete: O prazo em dobro para a Fazenda expira amanhã às 18h. O sistema já foi atualizado.;Prazos_e_Audiências
3018;Prazo para emenda à petição inicial é fatal, sem possibilidade de prorrogação.;Prazos_e_Audiências
716;Ato ordinatório praticado na 18ª Vara Cível. Vista às partes por 5 dias.;Andamentos_Processuais
961;Embargos de declaração rejeitados no processo nº 0067927-33.2023.8.22.0001. Publicação no Diário Oficial de hoje.;Andamentos_Processuais
800;Homologado o acordo pela secretaria da vara. O processo segue tramitação normal.;Andamentos_Processuais
2349;Status interno: A documentação anexada foi digitalizada em alta resolução via plataforma DocuSign.;Gestão_de_Documentos
685;Decisão interlocutória publicada no Tribunal Regional do Trabalho.;Andamentos_Processuais
1972;Guia de custas finais gerada no valor de R$ 8.500,00 pela controladoria jurídica.;Financeiro_e_Custas
3687;Aviso de pauta: O prazo para recurso inominado foi prorrogado por 5 dias. O sistema já foi atualizado.;Prazos_e_Audiências
158;Andamento: Novo despacho proferido na 1ª Vara Cível. Aguardando manifestação das partes.;Andamentos_Processuais
3039;Atenção: O prazo para juntada de documentos encerra-se na próxima semana. O estagiário já incluiu na agenda.;Prazos_e_Audiências
4455;Lembrete: finalizar a procuração até amanhã.;Tarefas_e_Delegações_Interna
4103;A estagiária transferiu o levantamento do passivo na sala de conferências.;Tarefas_e_Delegações_Interna
3074;Alerta de prazo: o prazo comum foi prorrogado pelo juiz.;Prazos_e_Audiências
4687;Lembrete: O setor paralegal agendou uma reunião de alinhamento e o prazo interno vence hoje.;Tarefas_e_Delegações_Interna
904;Atualização processual: Carta precatória expedida pelo juízo deprecante. O prazo recursal inicia-se amanhã.;Andamentos_Processuais
1083;Alerta financeiro: As despesas de viagem estão pendentes conforme determinação judicial.;Financeiro_e_Custas
4779;Tarefa atualizada: Sócio diretor finalizou o relatório quinzenal antes do envio ao cliente.;Tarefas_e_Delegações_Interna
1718;Fatura referente a horas consultivas e o comprovante anexado aos autos.;Financeiro_e_Custas
1900;Aviso: O repasse ao cliente no valor de R$ 3.200,00 foi efetuado conforme determinação judicial.;Financeiro_e_Custas
76;Trânsito em julgado certificado na 20ª Vara de Família.;Andamentos_Processuais
582;Remessa dos autos ao Ministério Público para parecer.;Andamentos_Processuais
1398;O alvará de levantamento no valor de R$ 9.500,00 foi confirmado e enviado ao cliente.;Financeiro_e_Custas
1808;Custas complementares recolhidas e o comprovante anexado aos autos.;Financeiro_e_Custas
2668;Upload falhou: O laudo pericial foi corrompido durante o upload via aplicativo do escritório.;Gestão_de_Documentos
4448;Departamento tributário finalizou a revisão dos cálculos do processo de Grupo Beta Ltda.;Tarefas_e_Delegações_Interna
4053;Sócio sênior delegou a elaboração da carteira de trabalho para você.;Tarefas_e_Delegações_Interna
29;Atualização processual: Apelação interposta pela secretaria da vara.;Andamentos_Processuais
2471;A procuração ad judicia foi protocolada internamente.;Gestão_de_Documentos
3134;A sessão de julgamento está aguardando o link. Evite a preclusão.;Prazos_e_Audiências
2387;Documento: O laudo pericial aguarda validação do gestor.;Gestão_de_Documentos
1991;Cálculo de liquidação de sentença para conferência do sócio financeiro.;Financeiro_e_Custas
6;Aviso de movimentação: Recebidos os autos.;Andamentos_Processuais
3717;Alerta de prazo: O prazo prescricional expira amanhã às 18h. O estagiário já incluiu na agenda.;Prazos_e_Audiências
979;Andamento: Expedido mandado de citação na Vara de Família. O prazo recursal inicia-se amanhã.;Andamentos_Processuais
239;Status do processo: Determinada a penhora online.;Andamentos_Processuais
18;Apelação recebida nos efeitos devolutivo e suspensivo na 1ª Vara Trabalhista. Autos aguardam prazo no cartório.;Andamentos_Processuais
4725;Sócio solicitou a atualização cadastral de Condomínio Jardim das Flores no sistema interno.;Tarefas_e_Delegações_Interna
2710;A guia de recolhimento foi protocolada na rede interna para cumprimento de prazo.;Gestão_de_Documentos
3357;Prazo para alegações finais é fatal, sem possibilidade de prorrogação.;Prazos_e_Audiências
744;Aviso de movimentação: Deferida a tutela de urgência pelo Tribunal de Justiça. Aguardando decurso de prazo.;Andamentos_Processuais
278;Remessa ao relator para elaboração do acórdão na 17ª Vara Cível. Aguardando manifestação das partes.;Andamentos_Processuais
2780;A escritura do imóvel foi encaminhada ao setor paralegal pelo assistente jurídico.;Gestão_de_Documentos
2464;A documentação anexada aguarda validação do gestor.;Gestão_de_Documentos
2667;Cópia autenticada do contrato social solicitada ao cartório.;Gestão_de_Documentos
2389;Documento: A documentação anexada aguarda validação do gestor para cumprimento de prazo.;Gestão_de_Documentos
2716;Status interno: A ata notarial foi rejeitada pelo tribunal para conferência final.;Gestão_de_Documentos
799;Mandado de intimação expedido na 6ª Vara Federal. Aguardando manifestação da parte contrária.;Andamentos_Processuais
98;Status do processo: Vista ao Ministério Público. Vista às partes por 5 dias.;Andamentos_Processuais
3081;A audiência admonitória teve o horário antecipado para as 09h.;Prazos_e_Audiências
2436;Documento: O termo de acordo foi digitalizado em alta resolução na subpasta de atos constitutivos.;Gestão_de_Documentos
4289;Aviso interno: A equipe cível marcou a pauta de audiências para amanhã cedo.;Tarefas_e_Delegações_Interna
2096;Assinatura eletrônica da declaração de imposto de renda pendente.;Gestão_de_Documentos
4025;O advogado pleno aprovou a elaboração de quesitos e notificou os envolvidos.;Tarefas_e_Delegações_Interna
1705;Nota fiscal emitida com sucesso referente ao mês vigente.;Financeiro_e_Custas
2760;Alerta: O holerite do reclamante foi digitalizado em alta resolução no sistema interno do escritório.;Gestão_de_Documentos
1372;Faturamento: As custas processuais foram emitidas com sucesso.;Financeiro_e_Custas
1085;Reembolso de diligência aprovado no valor de R$ 6.500,00 com sucesso.;Financeiro_e_Custas
1043;Taxa de desarquivamento do processo aguardando pagamento.;Financeiro_e_Custas
4439;Lembrete: A advogada júnior revisou a reunião de equipe até as 18h.;Tarefas_e_Delegações_Interna
4774;Coordenador aprovou a petição inicial antes do envio ao cliente.;Tarefas_e_Delegações_Interna
3019;Alerta de prazo: O prazo prescricional foi devolvido por 10 dias.;Prazos_e_Audiências
84;Impugnação ao cumprimento de sentença recebida no Tribunal Regional Federal da 3ª Região.;Andamentos_Processuais
517;Aviso de movimentação: Recebidos os autos na Vara da Fazenda Pública. Aguardando decurso de prazo.;Andamentos_Processuais
1224;Alerta financeiro: O cálculo de liquidação foi lançado.;Financeiro_e_Custas
4890;Lembrete: A equipe tributária finalizou o relatório quinzenal.;Tarefas_e_Delegações_Interna
4986;Aviso interno: A advogada júnior validou a triagem de documentos sem dilação de prazo.;Tarefas_e_Delegações_Interna
4369;Coordenador solicitou revisão da certidão de nascimento antes do envio ao cliente.;Tarefas_e_Delegações_Interna
4929;Relatório quinzenal de Transportadora Rios foi validado pela diretoria.;Tarefas_e_Delegações_Interna
66;Recurso extraordinário inadmitido.;Andamentos_Processuais
1169;Guia de preparo recursal paga com vencimento para amanhã.;Financeiro_e_Custas
4660;Tarefa atualizada: Dra. Camila aprovou a estratégia de defesa para despachar com o juiz.;Tarefas_e_Delegações_Interna
1367;Aviso: O repasse ao cliente foi quitado.;Financeiro_e_Custas
8;Decisão interlocutória publicada na 10ª Vara do Júri. Vista às partes por 5 dias.;Andamentos_Processuais
1336;Pagamento pendente: As despesas de viagem no valor de R$ 3.000,00 foram quitadas e anexado aos autos.;Financeiro_e_Custas
1375;Guia de diligência do oficial de justiça emitida pela controladoria jurídica.;Financeiro_e_Custas
2237;Alerta: A certidão de nascimento está disponível para download pelo assistente jurídico.;Gestão_de_Documentos
3630;Prazo para pagamento voluntário de 15 dias iniciou hoje.;Prazos_e_Audiências
4128;Aviso interno: A Dra. Mariana validou a conferência de prazos antes do fim do expediente.;Tarefas_e_Delegações_Interna
2164;A petição inicial passou por OCR e está pesquisável via plataforma DocuSign.;Gestão_de_Documentos
4657;Solicitação de suporte: verificar duplicidade de cadastro de João Pereira.;Tarefas_e_Delegações_Interna
2773;Upload falhou: A minuta da contestação foi encaminhada ao setor paralegal pelo sócio responsável.;Gestão_de_Documentos
2168;Atenção: A documentação anexada foi fragmentada em partes via aplicativo do escritório.;Gestão_de_Documentos
1338;Confirmação: Os valores bloqueados no valor de R$ 6.600,00 foram pagos conforme determinação judicial.;Financeiro_e_Custas
3577;A audiência de custódia será presencial no fórum. Revise os memoriais antes da data.;Prazos_e_Audiências
4434;Atenção equipe: A equipe tributária devolveu o resumo do processo para despacho com o magistrado.;Tarefas_e_Delegações_Interna
865;Retificação de autuação processual na 11ª Vara Cível. Aguardando manifestação da parte contrária.;Andamentos_Processuais
4568;A equipe cível aprovou a pauta de audiências e notificou os envolvidos.;Tarefas_e_Delegações_Interna
515;Andamento: Apelação interposta pelo juízo deprecante. Verifique o andamento no tribunal.;Andamentos_Processuais
2513;Upload falhou: A minuta da contestação foi digitalizada em alta resolução.;Gestão_de_Documentos
2836;Atenção: O comprovante de pagamento foi protocolado internamente.;Gestão_de_Documentos
4981;Departamento financeiro finalizou a revisão dos cálculos do processo de Grupo Beta Ltda.;Tarefas_e_Delegações_Interna
2860;Aviso: O RG do cliente precisa ser reencaminhado.;Gestão_de_Documentos
4517;Prioridade: O coordenador da equipe pediu ajuda na tese de defesa.;Tarefas_e_Delegações_Interna
2033;A declaração de hipossuficiência foi digitalizada em alta resolução para audiência.;Gestão_de_Documentos
4203;O Dr. Rafael conferiu a elaboração de quesitos para alinhamento estratégico.;Tarefas_e_Delegações_Interna
4304;Lembrete: Elaborar a planilha de clientes e aguarda sua validação.;Tarefas_e_Delegações_Interna
3394;Alerta de prazo: O prazo prescricional encerra-se na próxima semana. Notifique o cliente.;Prazos_e_Audiências
1243;Alerta financeiro: Os honorários de sucumbência foram efetuados.;Financeiro_e_Custas
2884;A certidão de nascimento foi protocolada internamente para cumprimento de prazo.;Gestão_de_Documentos
514;Aviso de movimentação: Indeferida a liminar. Aguardando a intimação do réu.;Andamentos_Processuais
4970;Tarefa atribuída: ligar para o cliente do caso Grupo Beta Ltda.;Tarefas_e_Delegações_Interna
1925;Pagamento pendente: O bloqueio Sisbajud foi expedido.;Financeiro_e_Custas
2804;Upload falhou: O substabelecimento excedeu o limite de tamanho.;Gestão_de_Documentos
4703;Aviso interno: A equipe trabalhista aprovou a conferência de prazos e notificou os envolvidos.;Tarefas_e_Delegações_Interna
4356;Workflow encerrado: triagem de novos casos do processo de Seguradora Atlântica.;Tarefas_e_Delegações_Interna
3825;A audiência de justificação está confirmada para hoje. Atenção ao calendário interno.;Prazos_e_Audiências
4708;A coordenadora cível marcou a reunião de equipe e notificou os envolvidos.;Tarefas_e_Delegações_Interna
2409;Planilha de cálculos convertida para PDF e salva no sistema.;Gestão_de_Documentos
2271;Alerta: O arquivo PDF passou por OCR e está pesquisável.;Gestão_de_Documentos
3736;O prazo de 15 dias úteis não comporta mais dilação. A parte contrária já foi intimada.;Prazos_e_Audiências
1059;Urgente: O precatório foi aprovado.;Financeiro_e_Custas
444;Deferimento da tutela de urgência no Superior Tribunal de Justiça.;Andamentos_Processuais
2173;Alerta: A guia de custas passou por OCR e está pesquisável.;Gestão_de_Documentos
4163;Status da tarefa: O advogado sênior atribuiu a pesquisa jurisprudencial e notificou os envolvidos.;Tarefas_e_Delegações_Interna
3031;Lembrete: O prazo para contestação inicia-se amanhã. Notifique o cliente.;Prazos_e_Audiências
365;Aviso de movimentação: Sentença de mérito publicada nos autos da ação. O processo segue tramitação normal.;Andamentos_Processuais
4840;Lembrete: protocolar o RG atualizado até hoje às 18h.;Tarefas_e_Delegações_Interna
3563;Aviso de pauta: O prazo para apelação vence hoje. Prepare a documentação.;Prazos_e_Audiências
384;Aviso de movimentação: Ato ordinatório praticado no Diário da Justiça Eletrônico. Consulte a íntegra no e-Proc.;Andamentos_Processuais
1203;Despesa com motoboy aguardando compensação bancária.;Financeiro_e_Custas
2025;Atenção: O contrato social excedeu o limite de tamanho para instrução probatória.;Gestão_de_Documentos
2007;Backup dos documentos de Grupo Beta Ltda realizado com sucesso.;Gestão_de_Documentos
4684;Sócio solicitou a atualização cadastral de Banco Meridional no sistema interno.;Tarefas_e_Delegações_Interna
507;Urgente: Trânsito em julgado certificado no sistema PJe. Consulte a íntegra no e-Proc.;Andamentos_Processuais
2999;Status interno: O contrato de locação foi salvo na pasta digital pelo sócio responsável.;Gestão_de_Documentos
3316;Lembrete: O prazo para recurso inominado está suspenso.;Prazos_e_Audiências
3812;Sustentação oral registrada na pauta do dia 24/2.;Prazos_e_Audiências
4736;Workflow iniciado: revisão documental do processo de Consórcio Nordeste.;Tarefas_e_Delegações_Interna
4463;Status da tarefa: O coordenador da equipe finalizou a reunião de equipe referente ao caso Silva.;Tarefas_e_Delegações_Interna
3410;Atenção: O prazo de 15 dias úteis foi devolvido por 10 dias. Notifique o cliente.;Prazos_e_Audiências
1945;Alerta financeiro: O repasse ao cliente no valor de R$ 1.500,00 foi creditado no portal do tribunal.;Financeiro_e_Custas
276;Decretada a revelia do réu na 15ª Vara Cível. Prazo comum aberto.;Andamentos_Processuais
989;Conflito de competência suscitado na 18ª Vara Cível.;Andamentos_Processuais
1620;Planilha de débitos judiciais aguardando aprovação da diretoria.;Financeiro_e_Custas
4940;Workflow iniciado: triagem de novos casos do processo de Consórcio Nordeste.;Tarefas_e_Delegações_Interna
4447;Prioridade alta: O coordenador da equipe transferiu o protocolo do recurso para alinhamento estratégico.;Tarefas_e_Delegações_Interna
1358;O cliente ainda não realizou o pagamento das custas de citação.;Financeiro_e_Custas
313;Status do processo: Apelação interposta. Aguardando decurso de prazo.;Andamentos_Processuais
1006;Despesa de cartório lançada pela controladoria jurídica.;Financeiro_e_Custas
4110;Status da tarefa: A secretaria agendou a pauta de audiências na sala de conferências.;Tarefas_e_Delegações_Interna
2155;Atenção: O contrato de honorários está disponível para download para instrução probatória.;Gestão_de_Documentos
686;Julgamento virtual iniciado na 14ª Vara de Família.;Andamentos_Processuais
706;Trânsito em julgado certificado. O processo segue tramitação normal.;Andamentos_Processuais
3285;Lembrete: A audiência de instrução está aguardando o link. Verifique no PJe.;Prazos_e_Audiências
607;Juntada de AR de intimação positivo.;Andamentos_Processuais
4236;Relatório quinzenal de Maria Santos foi validado pela diretoria.;Tarefas_e_Delegações_Interna
1287;Guia DARE emitida no valor de R$ 12.000,00.;Financeiro_e_Custas
659;Mandado de citação expedido na 7ª Vara Empresarial.;Andamentos_Processuais
2890;RG atualizado revisado e pronto para envio ao cliente.;Gestão_de_Documentos
2930;Atualização: O holerite do reclamante aguarda validação do gestor.;Gestão_de_Documentos
2268;Cópia autenticada do comprovante de renda solicitada ao cartório.;Gestão_de_Documentos
3541;A audiência admonitória ocorrerá de forma 100% virtual. Atenção ao calendário interno.;Prazos_e_Audiências
1237;Urgente: Os honorários de sucumbência foram cancelados na conta do escritório.;Financeiro_e_Custas
1385;Alvará judicial de levantamento aguardando compensação bancária.;Financeiro_e_Custas
3672;Prazo para contestação consta registrado na pauta processual do dia 11/5.;Prazos_e_Audiências
4918;Ligar para o reclamante e informar sobre a proposta de acordo.;Tarefas_e_Delegações_Interna
2910;Termo de consentimento LGPD aceito pelo novo cliente na plataforma.;Gestão_de_Documentos
4677;Lembrete: Advogado pleno atribuiu a tarefa de redigir o recurso e aguarda sua validação.;Tarefas_e_Delegações_Interna
3103;Aviso de pauta: O prazo de embargos de declaração expira amanhã às 18h. Prepare a documentação.;Prazos_e_Audiências
1487;Precatório e o comprovante anexado aos autos.;Financeiro_e_Custas
2131;Alerta: O dossiê do cliente foi assinado digitalmente via aplicativo do escritório.;Gestão_de_Documentos
714;Recurso de apelação recebido na 15ª Vara Trabalhista.;Andamentos_Processuais
594;Urgente: Agravo de instrumento recebido pelo juízo deprecante. Confira o teor no sistema.;Andamentos_Processuais
994;Andamento: Deferida a tutela de urgência. Prazo comum aberto.;Andamentos_Processuais
3092;Prazo para réplica iniciado no processo de Silva & Cia.;Prazos_e_Audiências
4704;Lembrete: A advogada júnior pediu a triagem de documentos e aguarda aprovação.;Tarefas_e_Delegações_Interna
3895;Urgente: o prazo de 15 dias úteis não comporta mais dilação.;Prazos_e_Audiências
651;Aviso de movimentação: Sentença proferida. Verifique o andamento no tribunal.;Andamentos_Processuais
3488;Urgente: A sessão de julgamento foi designada para hoje às 14h. A parte contrária já foi intimada.;Prazos_e_Audiências
616;Status do processo: Expedido mandado de citação no sistema PJe. Aguardando manifestação das partes.;Andamentos_Processuais
1532;Guia de diligência do oficial de justiça emitida com sucesso.;Financeiro_e_Custas
3746;Lembrete: A sessão do tribunal do júri foi remarcada para sexta-feira. O estagiário já incluiu na agenda.;Prazos_e_Audiências
2987;Status interno: O comprovante de pagamento foi digitalizado em alta resolução para instrução probatória.;Gestão_de_Documentos
2088;Petição de juntada da certidão de nascimento assinada com token OAB.;Gestão_de_Documentos
4148;Aviso interno: A controladoria jurídica reagendou o feedback individual referente ao caso Silva.;Tarefas_e_Delegações_Interna
2935;Atualização: O laudo pericial foi anexado com sucesso no portal do cliente.;Gestão_de_Documentos
2825;O relatório médico foi fragmentado em múltiplas partes na subpasta de atos.;Gestão_de_Documentos
1641;Urgente: O precatório foi creditado e notificação enviada.;Financeiro_e_Custas
312;Status do processo: Expedido alvará eletrônico. O prazo recursal inicia-se amanhã.;Andamentos_Processuais
3241;Alerta de prazo: O prazo de 15 dias úteis termina em 48 horas.;Prazos_e_Audiências
4251;Urgente: Protocolar o contrato social sobre o novo cliente.;Tarefas_e_Delegações_Interna
4002;Sócio sênior delegou a revisão da contestação para você.;Tarefas_e_Delegações_Interna
2699;Atenção: O arquivo PDF foi encaminhado ao setor paralegal.;Gestão_de_Documentos
2938;Certidão de nascimento pendente de assinatura digital via DocuSign.;Gestão_de_Documentos
784;Status do processo: Acórdão publicado pela secretaria da vara. Aguardando decurso de prazo.;Andamentos_Processuais
4072;Discussão sobre a estratégia do recurso agendada para as 14h via Teams.;Tarefas_e_Delegações_Interna
3841;Perícia contábil marcada para sexta-feira às 10h.;Prazos_e_Audiências
834;Urgente: Determinada a penhora online no portal eletrônico e-SAJ. O prazo recursal inicia-se amanhã.;Andamentos_Processuais
1704;Alerta financeiro: As despesas de viagem foram realizadas conforme determinação judicial.;Financeiro_e_Custas
342;Recebida a petição inicial sem emendas na 15ª Vara de Família. Decisão disponível no sistema PROJUDI.;Andamentos_Processuais
2281;Procuração ad judicia recebida por e-mail e protocolada no sistema interno.;Gestão_de_Documentos
3668;Prazo para contestação consta registrado na pauta processual do dia 4/1.;Prazos_e_Audiências
4937;Status da tarefa: O Dr. Carlos concluiu o cadastro da ação para a reunião de sexta.;Tarefas_e_Delegações_Interna
4739;Aviso interno: A secretaria solicitou a planilha de clientes como prioridade 1.;Tarefas_e_Delegações_Interna
2845;A guia de recolhimento foi anexada com sucesso para conferência final.;Gestão_de_Documentos
3515;O prazo para contestação termina em 5 dias úteis. O sistema PJe já foi atualizado.;Prazos_e_Audiências
471;Certidão de trânsito em julgado expedida no PJe.;Andamentos_Processuais
821;Status do processo: Carta precatória expedida. Confira o teor no sistema.;Andamentos_Processuais
1461;Extrato de pagamentos sucumbenciais aguardando compensação bancária.;Financeiro_e_Custas
4922;Aviso interno: A coordenadora cível reagendou a pauta de audiências antes do fim do expediente.;Tarefas_e_Delegações_Interna
3165;Sessão de julgamento virtual cancelada e será reagendada em breve.;Prazos_e_Audiências
667;Redistribuição do feito por sorteio.;Andamentos_Processuais
30;Distribuição do recurso ao relator no processo nº 0041757-59.2021.8.19.0003. Publicação no Diário Oficial de hoje.;Andamentos_Processuais
3721;Sustentação oral registrada na pauta do dia 10/7.;Prazos_e_Audiências
621;Suspensão do processo decretada. Confira o teor no sistema.;Andamentos_Processuais
4730;Aviso interno: O sócio sênior conferiu a minuta do acordo para a reunião de sexta.;Tarefas_e_Delegações_Interna
3846;Audiência de conciliação registrada na pauta do dia 16/1.;Prazos_e_Audiências
2091;A guia de recolhimento está disponível para download e o cliente já foi notificado.;Gestão_de_Documentos
4888;Status da tarefa: A equipe trabalhista marcou a pauta de audiências na sala de conferências.;Tarefas_e_Delegações_Interna
317;Urgente: Carta precatória expedida no Juizado Especial. Verifique o andamento no tribunal.;Andamentos_Processuais
2634;Documento: A certidão negativa de débitos foi protocolada internamente no dossiê previdenciário.;Gestão_de_Documentos
1897;Aviso: As custas complementares no valor de R$ 1.100,00 foram geradas no portal do tribunal.;Financeiro_e_Custas
4772;Sócio diretor delegou a conferência do contrato social para você.;Tarefas_e_Delegações_Interna
418;Ofício respondido pelo Detran. Disponibilizado no Diário da Justiça Eletrônico.;Andamentos_Processuais
846;Status do processo: Sentença proferida na 3ª Vara Criminal. Cumpra-se com urgência.;Andamentos_Processuais
4609;Estagiário ficou responsável por levantar a jurisprudência aplicável.;Tarefas_e_Delegações_Interna
4836;Relatório quinzenal de Construtora Alfa Ltda foi validado pela diretoria.;Tarefas_e_Delegações_Interna
19;Carta rogatória expedida na 4ª Vara da Fazenda Pública. Vista às partes por 5 dias.;Andamentos_Processuais
3897;O prazo para juntada de procuração foi prorrogado pelo juiz. O sistema PJe já foi atualizado.;Prazos_e_Audiências
58;Cumprimento de sentença iniciado pelo presidente da turma julgadora.;Andamentos_Processuais
1774;Penhora de faturamento deferida: conta judicial receberá 10% mensais.;Financeiro_e_Custas
1523;Guia de custas finais emitida no valor de R$ 2.000,00.;Financeiro_e_Custas
4864;Departamento financeiro finalizou a revisão dos cálculos do processo de Banco Meridional.;Tarefas_e_Delegações_Interna
4493;Solicitação de suporte: verificar pendência financeira de Transportadora Rios.;Tarefas_e_Delegações_Interna
2516;Comprovante de renda convertido para PDF e salvo no sistema.;Gestão_de_Documentos
4526;Checklist interno de preparação para a audiência foi atualizado.;Tarefas_e_Delegações_Interna
429;Status do processo: Baixa definitiva dos autos no sistema PJe.;Andamentos_Processuais
654;Atenção: Autos remetidos à conclusão na 1ª Vara Cível. Consulte a íntegra no e-Proc.;Andamentos_Processuais
1617;Faturamento: As custas processuais no valor de R$ 5.000,00 foram recolhidas aguardando aprovação da diretoria.;Financeiro_e_Custas
1758;Fatura mensal vencida no portal do tribunal.;Financeiro_e_Custas
4785;Aviso interno: Agendar a contestação referente ao passivo trabalhista.;Tarefas_e_Delegações_Interna
4868;Tarefa atualizada: O departamento cível aprovou a estratégia de defesa com prioridade alta.;Tarefas_e_Delegações_Interna
2899;Minuta de acordo digitalizada e indexada no sistema.;Gestão_de_Documentos
831;Decisão saneadora publicada, fixando os pontos controvertidos da lide.;Andamentos_Processuais
3029;A audiência de justificação foi adiada para o próximo mês. O sistema já foi atualizado.;Prazos_e_Audiências
3046;O prazo para manifestação sobre o laudo inicia-se amanhã. O sistema PJe já foi atualizado.;Prazos_e_Audiências
3723;Prazo para pagamento do preparo recursal iniciado no processo de Distribuidora Central.;Prazos_e_Audiências
77;Certidão de trânsito em julgado expedida na 9ª Vara de Falências e Recuperação Judicial.;Andamentos_Processuais
3184;Atenção: A audiência de justificação foi adiada para o próximo mês. A parte contrária já foi intimada.;Prazos_e_Audiências
4743;Coordenador solicitou revisão da certidão de casamento antes do envio ao cliente.;Tarefas_e_Delegações_Interna
1727;Alerta financeiro: As custas complementares no valor de R$ 8.700,00 foram emitidas pelo setor financeiro.;Financeiro_e_Custas
3282;Audiência de custódia remarcada para a próxima semana.;Prazos_e_Audiências
3111;A audiência de custódia foi adiada para o próximo mês. Prepare a documentação necessária.;Prazos_e_Audiências
1987;Faturamento: A RPV foi realizada.;Financeiro_e_Custas
4503;Workflow encerrado: conferência financeira do processo de Empresa Ômega Serviços.;Tarefas_e_Delegações_Interna
2123;A minuta da contestação foi fragmentada em partes e o cliente já foi notificado.;Gestão_de_Documentos
4991;Lembrete: O setor paralegal agendou a pauta de audiências antes do fim do expediente.;Tarefas_e_Delegações_Interna
47;Revogada a liminar anteriormente deferida na 6ª Vara Criminal. Vista ao réu para impugnação.;Andamentos_Processuais
80;Exceção de pré-executividade rejeitada na 11ª Vara Cível. Aguardando manifestação da parte contrária.;Andamentos_Processuais
1280;Guia de diligência do oficial de justiça gerada e enviada ao e-mail de Empresa Ômega Serviços.;Financeiro_e_Custas
1439;A nota fiscal foi expedida pelo setor financeiro.;Financeiro_e_Custas
950;Ofício expedido no processo nº 0041757-59.2021.8.19.0003. Publicação no Diário Oficial de hoje.;Andamentos_Processuais
2533;Documento: A ata notarial foi protocolada internamente.;Gestão_de_Documentos
2442;Alerta: A certidão negativa de débitos foi assinada digitalmente na nuvem corporativa.;Gestão_de_Documentos
478;Embargos de declaração rejeitados na 6ª Vara Federal. Aguardando manifestação da parte contrária.;Andamentos_Processuais
4705;Sócio solicitou a atualização cadastral de Transportadora Rios no sistema interno.;Tarefas_e_Delegações_Interna
1803;Faturamento: Os honorários de sucumbência no valor de R$ 5.800,00 foram atualizados aguardando aprovação da diretoria.;Financeiro_e_Custas
3932;A sessão de julgamento foi remarcada para sexta-feira. Atenção ao calendário interno.;Prazos_e_Audiências
1582;A contabilidade solicitou os extratos de pagamentos sucumbenciais.;Financeiro_e_Custas
307;Atualização processual: Ato ordinatório praticado. Aguardando decurso de prazo.;Andamentos_Processuais
3545;Audiência una confirmada para o processo do reclamante.;Prazos_e_Audiências
900;Andamento: Vista ao Ministério Público. Vista às partes por 5 dias.;Andamentos_Processuais
282;Urgente: Trânsito em julgado certificado na Vara de Família.;Andamentos_Processuais
2491;Upload do contrato de honorários concluído com sucesso.;Gestão_de_Documentos
3592;Aviso de pauta: a audiência de instrução e julgamento está aguardando o link da vara.;Prazos_e_Audiências
3422;Audiência trabalhista registrada na pauta do dia 4/4.;Prazos_e_Audiências
801;Autos remetidos à instância superior no processo nº 0022218-98.2022.8.12.0003. Publicação no Diário Oficial de hoje.;Andamentos_Processuais
1615;Honorários periciais referente ao processo do cliente corporativo.;Financeiro_e_Custas
2183;O cliente anexou a réplica no portal do escritório.;Gestão_de_Documentos
3153;Alerta de prazo: A sessão de julgamento ocorrerá de forma 100% virtual. O sistema já foi atualizado.;Prazos_e_Audiências
4483;Aviso interno: O coordenador da equipe delegou a minuta do acordo referente ao caso Silva.;Tarefas_e_Delegações_Interna
4386;Tarefa de elaboração de memoriais transferida para a equipe externa.;Tarefas_e_Delegações_Interna
4012;Lembrete: A equipe tributária finalizou a conferência de prazos antes do fim do expediente.;Tarefas_e_Delegações_Interna
3430;A audiência admonitória foi remarcada para sexta-feira. O sistema PJe já foi atualizado.;Prazos_e_Audiências
1521;Alerta financeiro: As custas processuais foram efetuadas.;Financeiro_e_Custas
4184;Aviso interno: A equipe tributária encerrou a elaboração de quesitos para alinhamento estratégico.;Tarefas_e_Delegações_Interna
1274;Nota fiscal de prestação de serviços gerada e enviada ao e-mail de Maria Santos.;Financeiro_e_Custas
2504;Atenção: A ficha de cadastro está pendente de assinatura.;Gestão_de_Documentos
4437;Prioridade alta: O gestor do departamento pediu a revisão da contestação referente ao caso Silva.;Tarefas_e_Delegações_Interna
4510;Atenção equipe: O coordenador da equipe solicitou o feedback individual para despacho com o magistrado.;Tarefas_e_Delegações_Interna
235;Redistribuição do processo por dependência no processo nº 0042676-56.2023.8.15.0003.;Andamentos_Processuais
1003;Faturamento: A guia de custas foi gerada sem incidência de juros.;Financeiro_e_Custas
3999;O prazo para impugnação termina em 5 dias úteis. Atenção ao calendário interno.;Prazos_e_Audiências
498;Aviso de movimentação: Sentença proferida no sistema PJe. O prazo recursal inicia-se amanhã.;Andamentos_Processuais
1437;Custo de averbação em cartório para conferência do sócio financeiro.;Financeiro_e_Custas
626;Atualização processual: Suspensão do processo decretada pela secretaria da vara. Confira o teor no sistema.;Andamentos_Processuais
3610;Importante: O prazo para réplica não comporta mais dilação.;Prazos_e_Audiências
4786;Tarefa atribuída: protocolar a petição do caso Construtora Alfa Ltda.;Tarefas_e_Delegações_Interna
3861;Audiência trabalhista marcada para segunda-feira às 11h.;Prazos_e_Audiências
2247;Versão atualizada do RG atualizado substituiu a anterior no repositório.;Gestão_de_Documentos
3977;Prazo para juntada de documentos complementares iniciado no processo de Consórcio Nordeste.;Prazos_e_Audiências
4218;Prioridade alta: O coordenador da equipe assumiu a pauta de audiências para despacho com o magistrado.;Tarefas_e_Delegações_Interna
2413;O parecer técnico foi anexado com sucesso.;Gestão_de_Documentos
4599;Relatório quinzenal de Grupo Beta Ltda foi validado pela diretoria.;Tarefas_e_Delegações_Interna
4406;A Dra. Mariana conferiu o resumo do processo com máxima urgência.;Tarefas_e_Delegações_Interna
2395;A certidão negativa de débitos (CND) anexada vence na próxima semana.;Gestão_de_Documentos
4224;Aviso interno: O Dr. Rafael marcou o feedback individual referente ao caso Silva.;Tarefas_e_Delegações_Interna
2508;Aviso: O RG do cliente foi salvo na pasta digital e o cliente já foi notificado.;Gestão_de_Documentos
133;Juntada de manifestação da parte contrária.;Andamentos_Processuais
1098;Faturamento: As custas processuais no valor de R$ 3.500,00 foram creditadas com sucesso.;Financeiro_e_Custas
1636;Confirmação: Os honorários de sucumbência no valor de R$ 2.700,00 venceram na conta do escritório.;Financeiro_e_Custas
245;Juntada de laudo pericial contábil na 6ª Vara Federal. Notificação enviada por e-mail.;Andamentos_Processuais
3987;Atenção: A audiência trabalhista será presencial no fórum. Atenção ao calendário interno.;Prazos_e_Audiências
3792;Atenção: A audiência trabalhista está aguardando o link. Verifique no PJe.;Prazos_e_Audiências
3125;Lembrete: O prazo comum às partes foi devolvido por 10 dias.;Prazos_e_Audiências
4844;Status da tarefa: O sócio sênior reagendou a reunião de equipe no sistema ERP.;Tarefas_e_Delegações_Interna
4454;Lembrete: O advogado sênior concluiu o cadastro da ação sem dilação de prazo.;Tarefas_e_Delegações_Interna
3291;Faltam 3 dias para o término do prazo de juntada de procuração.;Prazos_e_Audiências
1050;Urgente: As despesas de viagem foram emitidas.;Financeiro_e_Custas
4029;Aviso interno: A equipe trabalhista agendou a pauta de audiências referente ao caso Silva.;Tarefas_e_Delegações_Interna
572;Atenção: Acórdão publicado nos autos da ação.;Andamentos_Processuais
3280;Prazo para alegações finais iniciado no processo de Consórcio Nordeste.;Prazos_e_Audiências
2013;Carteira de trabalho convertida para PDF e salva no sistema.;Gestão_de_Documentos
3230;Audiência de justificação remarcada para o dia 20.;Prazos_e_Audiências
2941;O comprovante de residência aguarda validação do gestor para conferência final.;Gestão_de_Documentos
4375;Sócio sênior delegou a elaboração do comprovante de residência para você.;Tarefas_e_Delegações_Interna
2762;Documentação: o parecer técnico foi protocolado na rede interna.;Gestão_de_Documentos
4440;Nova delegação: O sócio sênior transferiu a redação da petição e notificou os envolvidos.;Tarefas_e_Delegações_Interna
2451;Laudo pericial recebido por e-mail e protocolado no sistema interno.;Gestão_de_Documentos
300;Redistribuição do processo. Cumpra-se com urgência.;Andamentos_Processuais
1024;As despesas de viagem foram geradas com vencimento para amanhã.;Financeiro_e_Custas
3732;Prazo para pagamento do preparo recursal vence em 2 dias úteis.;Prazos_e_Audiências
50;Embargos de declaração rejeitados. Vista ao autor por 5 dias.;Andamentos_Processuais
1340;Taxa de desarquivamento paga aguardando aprovação da diretoria.;Financeiro_e_Custas
1566;Fatura mensal vencida e o comprovante anexado aos autos.;Financeiro_e_Custas
1213;Honorários periciais referente ao processo de Consórcio Nordeste.;Financeiro_e_Custas
3602;Importante: A audiência de custódia será presencial no fórum.;Prazos_e_Audiências
2991;O contrato de locação foi enviado para o e-mail do cliente no dossiê previdenciário.;Gestão_de_Documentos
212;Recebidos os autos. Aguardando decurso de prazo.;Andamentos_Processuais
2425;Petição inicial categorizada na caixa de entrada do sistema.;Gestão_de_Documentos
3534;Aviso de pauta: A audiência de justificação será presencial no fórum. O sistema já foi atualizado.;Prazos_e_Audiências
210;Atenção: Carta precatória expedida. Vista às partes por 5 dias.;Andamentos_Processuais
518;Despacho determina emenda à petição inicial em 15 dias.;Andamentos_Processuais
75;Determinada a penhora online no processo de execução. Aguardando a intimação do réu.;Andamentos_Processuais
2920;Extrato bancário recebido por e-mail e protocolado no sistema interno.;Gestão_de_Documentos
351;Expedição de carta de arrematação no processo do reclamante.;Andamentos_Processuais
214;Andamento: Determinada a penhora online no sistema PJe. Notifique-se o cliente da decisão.;Andamentos_Processuais
2939;Petição inicial convertida para PDF e salva no sistema.;Gestão_de_Documentos
4119;Workflow encerrado: revisão documental do processo de João Pereira.;Tarefas_e_Delegações_Interna
4361;Lembrete: protocolar a minuta de acordo até amanhã.;Tarefas_e_Delegações_Interna
1625;Honorários de sucumbência creditados.;Financeiro_e_Custas
2854;Upload da réplica concluído com sucesso.;Gestão_de_Documentos
3946;Audiência de custódia cancelada e será reagendada em breve.;Prazos_e_Audiências
4151;Aviso interno: A equipe trabalhista conferiu a elaboração de quesitos na sala de conferências.;Tarefas_e_Delegações_Interna
3644;Prazo para manifestação sobre o laudo pericial foi prorrogado por decisão judicial.;Prazos_e_Audiências
2545;Cópia autenticada do laudo pericial solicitada ao cartório.;Gestão_de_Documentos
516;Andamento: Deferida a tutela de urgência. Confira o teor no sistema.;Andamentos_Processuais
4678;Status da tarefa: O gestor do departamento devolveu o protocolo do recurso para a revisão final do sócio.;Tarefas_e_Delegações_Interna
4339;Solicitação de suporte: verificar status do processo de Distribuidora Central.;Tarefas_e_Delegações_Interna
2567;Aviso: A petição inicial foi anexada com sucesso e arquivado de forma definitiva.;Gestão_de_Documentos
23;Atenção: Vista ao Ministério Público na 3ª Vara Criminal. O processo segue tramitação normal.;Andamentos_Processuais
2401;O laudo pericial foi encaminhado ao setor paralegal para instrução probatória.;Gestão_de_Documentos
746;Designação de perícia contábil pela juíza titular.;Andamentos_Processuais
4118;A estagiária finalizou o protocolo do recurso para alinhamento estratégico.;Tarefas_e_Delegações_Interna
790;Determinação de penhora de bens pelo juiz plantonista.;Andamentos_Processuais
4230;Relatório semanal de Grupo Beta Ltda foi validado pela diretoria.;Tarefas_e_Delegações_Interna
281;Atenção: Juntada de petição pela secretaria da vara. Confira o teor no sistema.;Andamentos_Processuais
2038;Alerta: A ata notarial está disponível para download na subpasta de atos constitutivos.;Gestão_de_Documentos
45;Aviso de movimentação: Expedido mandado de citação. Vista às partes por 5 dias.;Andamentos_Processuais
2130;A certidão de trânsito em julgado foi corrompida durante o upload para cumprimento.;Gestão_de_Documentos
1451;Alvará de levantamento expedido pela controladoria jurídica.;Financeiro_e_Custas
4015;Status da tarefa: O estagiário finalizou a conferência de prazos referente ao caso Silva.;Tarefas_e_Delegações_Interna
2617;Termo de audiência digitalizado e indexado no sistema.;Gestão_de_Documentos
2246;O termo de confidencialidade (NDA) foi salvo na pasta do cliente para instrução.;Gestão_de_Documentos
3322;A audiência admonitória está confirmada para hoje.;Prazos_e_Audiências
246;Suspensão do processo por 30 dias. Vista ao réu para impugnação.;Andamentos_Processuais
3321;Audiência de custódia confirmada para o processo do cliente corporativo.;Prazos_e_Audiências
4584;Nova delegação: O sócio sênior reagendou o feedback individual sem dilação de prazo.;Tarefas_e_Delegações_Interna
3223;Urgente: O prazo de 15 dias úteis termina em 48 horas. Notifique o cliente.;Prazos_e_Audiências
2360;Backup dos documentos de Consórcio Nordeste realizado com sucesso.;Gestão_de_Documentos
2380;Atenção: O substabelecimento passou por OCR e está pesquisável.;Gestão_de_Documentos
1278;Confirmação: O depósito judicial foi realizado.;Financeiro_e_Custas
290;Impugnação ao cumprimento de sentença recebida na 9ª Vara de Falências e Recuperação Judicial. Aguardando manifestação da parte contrária.;Andamentos_Processuais
3752;A sessão de mediação familiar foi remarcada para sexta-feira. Prepare a documentação necessária.;Prazos_e_Audiências
3512;Lembrete: A audiência de oitiva de testemunhas será presencial no fórum. Verifique no PJe.;Prazos_e_Audiências
193;Atenção: Trânsito em julgado certificado pelo relator. O prazo recursal inicia-se amanhã.;Andamentos_Processuais
286;Determinação de emenda à petição inicial no PJe.;Andamentos_Processuais
877;Resultado de pesquisa Renajud disponibilizado na 1ª Vara Cível.;Andamentos_Processuais
1752;Pagamento do perito assistente e o comprovante anexado aos autos.;Financeiro_e_Custas
4622;Agendar a contestação para despachar com o juiz.;Tarefas_e_Delegações_Interna
3312;A sessão de mediação familiar foi cancelada pelo juízo. Prepare a documentação necessária.;Prazos_e_Audiências
3961;O prazo para embargos de declaração expira amanhã às 18h. Revise os memoriais antes da data.;Prazos_e_Audiências
4871;Estagiário assumiu a tarefa de emitir as certidões negativas de débito.;Tarefas_e_Delegações_Interna
4808;Urgente: Dr. Roberto marcou um feedback individual e aguarda sua validação.;Tarefas_e_Delegações_Interna
1801;Custas complementares calculadas no valor de R$ 250,00.;Financeiro_e_Custas
12;Determinação de penhora de bens na 5ª Vara Trabalhista. Vista às partes por 5 dias.;Andamentos_Processuais
4472;Lembrete: O Dr. Rafael revisou a elaboração de quesitos para amanhã cedo.;Tarefas_e_Delegações_Interna
2292;Atenção: O relatório médico foi enviado por e-mail pelo assistente jurídico.;Gestão_de_Documentos
4;Embargos de declaração rejeitados no processo nº 0048465-82.2021.8.24.0001.;Andamentos_Processuais
1277;Pagamento pendente: As custas complementares foram canceladas.;Financeiro_e_Custas
1494;Segunda via de boleto gerada e enviada ao e-mail da reclamada.;Financeiro_e_Custas
3396;Alerta de prazo: O prazo de embargos de declaração encerra-se na próxima semana. A parte contrária já foi intimada.;Prazos_e_Audiências
1026;Urgente: O precatório no valor de R$ 500,00 venceu para conferência.;Financeiro_e_Custas
1100;Boleto de honorários contratuais emitido no valor de R$ 500,00.;Financeiro_e_Custas
3945;Urgente: O prazo para alegações finais foi prorrogado por 5 dias. Verifique no PJe.;Prazos_e_Audiências
3906;Sustentação oral registrada na pauta do dia 27/9.;Prazos_e_Audiências
2821;Aviso: O contrato de honorários foi protocolado internamente.;Gestão_de_Documentos
4798;O sócio sênior encerrou a triagem de documentos para amanhã cedo.;Tarefas_e_Delegações_Interna
4216;Lembrete: protocolar a contestação até sexta-feira.;Tarefas_e_Delegações_Interna
808;Expedição de alvará judicial eletrônico no 1º Juizado Especial Cível. Aguardando manifestação da parte contrária.;Andamentos_Processuais
3067;Aviso de pauta: O prazo de embargos de declaração foi devolvido por 10 dias. Atenção ao calendário interno.;Prazos_e_Audiências
2591;Certidão de casamento recebida por e-mail e protocolada no sistema interno.;Gestão_de_Documentos
4878;Nova delegação: Revisar a contestação e o prazo interno vence hoje.;Tarefas_e_Delegações_Interna
2600;Carteira de trabalho digitalizada e indexada no sistema.;Gestão_de_Documentos
3513;O prazo peremptório termina em 48 horas. Revise os memoriais.;Prazos_e_Audiências
2767;Status interno: o substabelecimento foi enviado para o e-mail do cliente.;Gestão_de_Documentos
2374;Documentação: o substabelecimento está aguardando validação do gestor.;Gestão_de_Documentos
433;Distribuição do recurso ao relator no 2º Juizado Especial Federal.;Andamentos_Processuais
1201;Fatura referente a horas consultivas aguardando aprovação da diretoria.;Financeiro_e_Custas
1633;Aviso: Os honorários de sucumbência no valor de R$ 400,00 foram recebidos pela controladoria.;Financeiro_e_Custas
4460;Nova delegação: Atualizar a pauta de audiências até o final do dia.;Tarefas_e_Delegações_Interna
4773;Sócio diretor delegou o protocolo da procuração ad judicia para você.;Tarefas_e_Delegações_Interna
4100;Urgente: A controladoria jurídica delegou a planilha de clientes como prioridade 1.;Tarefas_e_Delegações_Interna
4787;Prioridade alta: A advogada júnior agendou a pauta de audiências referente ao caso Silva.;Tarefas_e_Delegações_Interna
1599;Aviso: Os valores bloqueados foram confirmados.;Financeiro_e_Custas
4665;Urgente: O sócio sênior delegou a minuta do acordo no sistema ERP.;Tarefas_e_Delegações_Interna
1445;Aviso: Os honorários de sucumbência foram confirmados sem incidência de juros.;Financeiro_e_Custas
2666;Minuta de contestação revisada e salva na pasta compartilhada do cliente.;Gestão_de_Documentos
427;Decisão interlocutória proferida. O processo segue tramitação normal.;Andamentos_Processuais
4598;Status da tarefa: O estagiário revisou a pauta de audiências antes do fim do expediente.;Tarefas_e_Delegações_Interna
2500;Documento: O comprovante de pagamento está pendente de assinatura no sistema interno do escritório.;Gestão_de_Documentos
3198;Prazo para pagamento do preparo recursal expira em 48 horas.;Prazos_e_Audiências
948;Atualização processual: Determinada a penhora online. Aguardando decurso de prazo.;Andamentos_Processuais
2153;Atualização: O holerite do reclamante foi encaminhado ao setor paralegal no portal do cliente.;Gestão_de_Documentos
1905;Urgente: As custas processuais foram recolhidas com sucesso.;Financeiro_e_Custas
1323;Aviso: A retenção de imposto no valor de R$ 5.900,00 foi recebida com acréscimo de multa.;Financeiro_e_Custas
238;Urgente: Autos remetidos à conclusão no sistema PJe. O processo segue tramitação normal.;Andamentos_Processuais
1573;Confirmação: A retenção de imposto foi paga.;Financeiro_e_Custas
1984;Alerta financeiro: As custas complementares no valor de R$ 3.100,00 venceram e enviado ao cliente.;Financeiro_e_Custas
2759;OCR aplicado na réplica digitalizada.;Gestão_de_Documentos
1894;Despesa de tradução juramentada e o comprovante anexado aos autos.;Financeiro_e_Custas
3299;Sessão de julgamento virtual confirmada para o processo de Indústria Delta S.A.;Prazos_e_Audiências
3423;Importante: A audiência admonitória está aguardando o link. Não perca o horário estabelecido.;Prazos_e_Audiências
2093;Certidão de nascimento digitalizada e salva na nuvem corporativa.;Gestão_de_Documentos
897;Urgente: Manifestação pericial anexada no Diário da Justiça Eletrônico. Cumpra-se com urgência.;Andamentos_Processuais
570;Andamento: Baixa definitiva dos autos. Vista às partes por 5 dias.;Andamentos_Processuais
3682;O prazo para contestação foi devolvido por 10 dias. Atenção ao calendário interno.;Prazos_e_Audiências
2299;Alerta: O dossiê do cliente foi anexado com sucesso.;Gestão_de_Documentos
2182;A ata notarial foi recebida em PDF e encaminhada ao setor cível.;Gestão_de_Documentos
1271;Pagamento de honorários contratuais do cliente foi compensado.;Financeiro_e_Custas
1923;Atualização do saldo da conta vinculada ao depósito judicial.;Financeiro_e_Custas
2582;Atualização: O parecer técnico foi salvo na pasta digital.;Gestão_de_Documentos
3785;Atenção: O prazo para apelação encerra-se na próxima semana. Prepare a documentação.;Prazos_e_Audiências
1170;Planilha de débitos judiciais no valor de R$ 2.500,00.;Financeiro_e_Custas
3163;O fim do prazo para recurso inominado no JEC é amanhã.;Prazos_e_Audiências
1057;Guia de custas iniciais gerada e enviada ao e-mail de Farmácias Reunidas Ltda.;Financeiro_e_Custas
4863;Lembrete: A estagiária validou o feedback individual para a revisão final do sócio.;Tarefas_e_Delegações_Interna
4078;Prioridade alta: A estagiária devolveu o protocolo do recurso e aguarda aprovação.;Tarefas_e_Delegações_Interna
1775;Confirmação: O bloqueio Sisbajud no valor de R$ 3.400,00 está pendente pelo setor financeiro.;Financeiro_e_Custas
2486;Documento: A certidão negativa de débitos está pendente de assinatura.;Gestão_de_Documentos
1257;Aviso: Os honorários contratuais no valor de R$ 4.400,00 foram quitados pela controladoria.;Financeiro_e_Custas
4959;Nova delegação: O Dr. Carlos transferiu o cadastro da ação para a revisão final do sócio.;Tarefas_e_Delegações_Interna
2994;Alerta: O contrato social foi salvo na pasta digital pelo assistente jurídico.;Gestão_de_Documentos
1453;Depósito recursal e o comprovante anexado aos autos.;Financeiro_e_Custas
1893;Penhora online confirmada na conta no valor de R$ 17.500,00 no sistema interno.;Financeiro_e_Custas
4669;Aviso interno: O departamento cível atribuiu a tarefa de redigir o recurso.;Tarefas_e_Delegações_Interna
3331;Prazo para pagamento do preparo recursal consta registrado na pauta processual do dia 24/11.;Prazos_e_Audiências
3172;Alerta de prazo: A audiência de instrução foi confirmada para amanhã.;Prazos_e_Audiências
4541;Solicitação de suporte: verificar status do processo de Farmácias Reunidas Ltda.;Tarefas_e_Delegações_Interna
1188;Despesa de cartório lançada.;Financeiro_e_Custas
1722;Despesa de cartório lançada referente ao mês vigente.;Financeiro_e_Custas
2347;Seguradora atlântica anexou a certidão de casamento no portal do escritório.;Gestão_de_Documentos
886;Apelação interposta.;Andamentos_Processuais
116;Determinação de bloqueio Sisbajud no Tribunal de Justiça.;Andamentos_Processuais
4944;Tarefa atualizada: A equipe tributária agendou uma reunião de alinhamento antes do envio ao cliente.;Tarefas_e_Delegações_Interna
4413;Sócio sênior delegou a conferência do contrato de honorários para você.;Tarefas_e_Delegações_Interna
2855;Atenção: O parecer técnico aguarda validação do gestor na subpasta de atos constitutivos.;Gestão_de_Documentos
450;Urgente: Sentença de mérito publicada pelo Tribunal de Justiça. Vista às partes por 5 dias.;Andamentos_Processuais
4056;Sócio aprovou a estratégia de defesa proposta. Pode seguir com a peça.;Tarefas_e_Delegações_Interna
3360;Urgente: a sessão de mediação familiar ocorrerá de forma 100% virtual.;Prazos_e_Audiências
3461;Alerta de prazo: o prazo para contestação não comporta mais dilação.;Prazos_e_Audiências
2527;Upload falhou: O holerite do reclamante foi salvo na pasta digital.;Gestão_de_Documentos
2537;O contrato de locação aguarda validação do gestor para cumprimento de prazo.;Gestão_de_Documentos
3663;Atenção: O prazo para juntada de documentos foi devolvido por 10 dias.;Prazos_e_Audiências
394;Mandado de segurança denegado na 6ª Vara da Fazenda Pública. Aguardando manifestação das partes.;Andamentos_Processuais
3118;Urgente: o prazo para contestação acaba em 48 horas.;Prazos_e_Audiências
3589;Atenção: A audiência de custódia será presencial no fórum.;Prazos_e_Audiências
4506;Status da tarefa: O Dr. Rafael assumiu a conferência de prazos via Microsoft Teams.;Tarefas_e_Delegações_Interna
3369;Atenção: A sessão de mediação ocorrerá de forma 100% virtual. A parte contrária já foi intimada.;Prazos_e_Audiências
484;Aviso de movimentação: Deferida a tutela de urgência pelo Tribunal de Justiça. O processo segue tramitação normal.;Andamentos_Processuais
3621;Audiência de hoje cancelada. O sistema aguarda nova data do cartório.;Prazos_e_Audiências
1426;Taxa de desarquivamento paga no valor de R$ 10.000,00 para conferência do sócio.;Financeiro_e_Custas
969;Aviso de movimentação: Agravo de instrumento recebido no processo de execução. Cumpra-se com urgência.;Andamentos_Processuais
2918;Upload falhou: A ata notarial foi digitalizada em alta resolução no portal do cliente.;Gestão_de_Documentos
1333;Confirmação: A despesa de cartório no valor de R$ 7.300,00 foi paga aguardando compensação.;Financeiro_e_Custas
1895;Fundo fixo de despesas atualizado no sistema interno.;Financeiro_e_Custas
937;Status do processo: Apelação interposta. Consulte a íntegra no e-Proc.;Andamentos_Processuais
3753;Alerta de prazo: O prazo em dobro para a Fazenda termina em 48 horas.;Prazos_e_Audiências
1970;Alerta financeiro: A penhora online no valor de R$ 6.400,00 venceu com vencimento para amanhã.;Financeiro_e_Custas
3690;O prazo para recurso inominado vence nesta sexta-feira.;Prazos_e_Audiências
1021;Confirmação: Os valores bloqueados foram efetuados com acréscimo de multa.;Financeiro_e_Custas
2844;Erro de sincronização impediu o salvamento da carteira de trabalho.;Gestão_de_Documentos
4996;Lembrete: A estagiária revisou a pauta de audiências para alinhamento estratégico.;Tarefas_e_Delegações_Interna
3034;A audiência de oitiva de testemunhas teve o horário antecipado para as 09h. Notifique o cliente com urgência.;Prazos_e_Audiências
362;Atualização processual: Recebidos os autos na Vara da Fazenda Pública. Aguardando manifestação das partes.;Andamentos_Processuais
1028;Confirmação: As custas processuais foram emitidas pelo setor financeiro.;Financeiro_e_Custas
56;Status do processo: Recebidos os autos. Cumpra-se com urgência.;Andamentos_Processuais
1207;Guia de custas finais gerada e enviada ao e-mail de Consórcio Nordeste.;Financeiro_e_Custas
1681;Faturamento: A penhora online foi efetuada com vencimento para amanhã.;Financeiro_e_Custas
1824;Faturamento: Os valores bloqueados estão pendentes pela controladoria.;Financeiro_e_Custas
1311;Alerta financeiro: O pagamento do perito foi quitado.;Financeiro_e_Custas
3617;Audiência trabalhista remarcada para a próxima semana.;Prazos_e_Audiências
1312;O repasse ao cliente no valor de R$ 7.500,00 foi pago sem incidência de juros.;Financeiro_e_Custas
4243;Status da tarefa: O sócio diretor marcou a reunião de equipe como prioridade 1.;Tarefas_e_Delegações_Interna
4652;Sócio solicitou a atualização cadastral de Construtora Alfa Ltda no sistema interno.;Tarefas_e_Delegações_Interna
1759;Aviso: O boleto de honorários foi aprovado na conta do escritório.;Financeiro_e_Custas
2099;Documentos societários da empresa ré estão disponíveis para download.;Gestão_de_Documentos
4217;"A tarefa ""Levantamento de passivo trabalhista"" foi reatribuída a você.";Tarefas_e_Delegações_Interna
4449;Sócio diretor delegou o protocolo do contrato de honorários para você.;Tarefas_e_Delegações_Interna
4432;Estagiário pediu ajuda na tese de defesa referente ao passivo trabalhista.;Tarefas_e_Delegações_Interna
1481;Alerta financeiro: As despesas de viagem foram recebidas conforme tabela da OAB.;Financeiro_e_Custas
2915;Status interno: A declaração de hipossuficiência foi encaminhada ao setor paralegal.;Gestão_de_Documentos
4059;Coordenador aprovou a certidão de casamento antes do envio ao cliente.;Tarefas_e_Delegações_Interna
599;Determinado o bloqueio Sisbajud. Verifique o andamento no PJe.;Andamentos_Processuais
2128;Documento: A ata notarial aguarda validação do gestor pelo sócio responsável.;Gestão_de_Documentos
3141;Atenção: A audiência de conciliação foi adiada para o próximo mês. Verifique no PJe.;Prazos_e_Audiências
1465;Alerta financeiro: Os honorários contratuais foram creditados no portal do tribunal.;Financeiro_e_Custas
1070;Comprovante de PIX recebido com acréscimo de multa contratual.;Financeiro_e_Custas
3565;O prazo para preparo recursal foi devolvido por 10 dias. Evite a perda da oportunidade legal.;Prazos_e_Audiências
1195;Custo de averbação em cartório no valor de R$ 9.500,00.;Financeiro_e_Custas
1037;Despesa de correio (AR) referente ao processo do reclamante.;Financeiro_e_Custas
3942;Prazo de 15 dias para réplica inicia-se amanhã.;Prazos_e_Audiências
894;Conflito de competência suscitado pela desembargadora relatora.;Andamentos_Processuais
3720;Audiência de justificação cancelada e será reagendada em breve.;Prazos_e_Audiências
1153;Pagamento pendente: O depósito judicial foi creditado no sistema interno.;Financeiro_e_Custas
4589;Nova delegação: O advogado pleno solicitou a elaboração de quesitos sem dilação de prazo.;Tarefas_e_Delegações_Interna
2879;Atualização: O termo de acordo está pendente de assinatura.;Gestão_de_Documentos
2280;Falha no upload da carteira de trabalho: arquivo corrompido.;Gestão_de_Documentos
361;Deferimento da tutela de urgência na 6ª Vara Federal. Aguardando manifestação da parte contrária.;Andamentos_Processuais
3015;Aviso de pauta: O prazo para alegações finais está suspenso.;Prazos_e_Audiências
2023;A ata notarial foi fragmentada em múltiplas partes.;Gestão_de_Documentos
2411;Termo de audiência renomeado conforme padrão do escritório.;Gestão_de_Documentos
2056;Cópia autenticada da procuração ad judicia solicitada ao cartório.;Gestão_de_Documentos
4698;Status da tarefa: A advogada júnior devolveu a tese de defesa antes do fim do expediente.;Tarefas_e_Delegações_Interna
4914;Prioridade alta: O coordenador da equipe cancelou o despacho com o juiz para despacho com o magistrado.;Tarefas_e_Delegações_Interna
3523;Alerta de prazo: A audiência de justificação foi designada para hoje às 14h. O sistema já foi atualizado.;Prazos_e_Audiências
1565;Segunda via de boleto gerada e enviada ao e-mail de Seguradora Atlântica.;Financeiro_e_Custas
3925;Urgente: O prazo em dobro para a Fazenda expira amanhã às 18h.;Prazos_e_Audiências
354;Andamento: Expedido alvará eletrônico pelo Tribunal de Justiça.;Andamentos_Processuais
762;Aviso de movimentação: Recebidos os autos. Verifique o andamento no tribunal.;Andamentos_Processuais
913;Extinção do processo com resolução de mérito no processo de Maria Santos.;Andamentos_Processuais
4177;Status da tarefa: A secretaria finalizou a minuta do acordo até as 18h.;Tarefas_e_Delegações_Interna
2342;Upload falhou: A guia de custas foi enviada por e-mail.;Gestão_de_Documentos
2722;O comprovante de residência foi fragmentado em múltiplas partes e arquivado.;Gestão_de_Documentos
552;Aviso de movimentação: Ato ordinatório praticado pelo juízo deprecante. Notifique-se o cliente da decisão.;Andamentos_Processuais
1569;Confirmação: O depósito judicial no valor de R$ 1.600,00 foi transferido e enviado ao cliente.;Financeiro_e_Custas
4905;Prioridade: Agendar o contrato social e o prazo interno vence hoje.;Tarefas_e_Delegações_Interna
2796;O RG atualizado do cliente foi encaminhado ao setor paralegal no sistema interno.;Gestão_de_Documentos
3788;Importante: A audiência admonitória está aguardando o link. A parte contrária já foi intimada.;Prazos_e_Audiências
1525;Bloqueio Sisbajud aguardando compensação bancária.;Financeiro_e_Custas
2170;Aviso: A guia de custas está pendente de assinatura via plataforma DocuSign.;Gestão_de_Documentos
3077;Alerta de prazo: o prazo para alegações finais não comporta mais dilação.;Prazos_e_Audiências
1265;Urgente: Os honorários de sucumbência foram pagos aguardando aprovação da diretoria.;Financeiro_e_Custas
4812;O advogado sênior atribuiu o feedback individual e notificou os envolvidos.;Tarefas_e_Delegações_Interna
1562;Reembolso de diligência confirmado pela controladoria jurídica.;Financeiro_e_Custas
2721;Alerta: A escritura do imóvel foi enviada por e-mail e arquivado de forma definitiva.;Gestão_de_Documentos
2532;Upload falhou: O arquivo PDF passou por OCR e está pesquisável via plataforma DocuSign.;Gestão_de_Documentos
927;Retificação de autuação processual na 14ª Vara de Família. Aguardando manifestação da parte contrária.;Andamentos_Processuais
4392;Solicitação de suporte: verificar pendência financeira de Distribuidora Central.;Tarefas_e_Delegações_Interna
1033;Guia de preparo recursal paga no valor de R$ 14.000,00 aguardando compensação bancária.;Financeiro_e_Custas
679;Distribuição do recurso ao relator na 13ª Vara Federal. Aguardando manifestação da parte contrária.;Andamentos_Processuais
4295;Atenção equipe: O sócio sênior cancelou o despacho com o juiz antes do fim do expediente.;Tarefas_e_Delegações_Interna
3412;Atenção: O prazo para manifestação vence hoje. Não perca o horário estabelecido.;Prazos_e_Audiências
1976;Retenção de imposto de renda para conferência do sócio financeiro.;Financeiro_e_Custas
1881;Faturamento: A despesa de cartório foi atualizada.;Financeiro_e_Custas
3765;Oitiva de testemunha marcada para amanhã às 14h.;Prazos_e_Audiências
2078;Backup dos documentos de Seguradora Atlântica realizado com sucesso.;Gestão_de_Documentos
632;Concedida a tutela antecipada requerida. Vista ao autor por 5 dias.;Andamentos_Processuais
970;Apensamento de autos determinado pelo presidente da turma julgadora.;Andamentos_Processuais
4884;O parecer técnico foi aprovado e liberado para envio ao cliente.;Tarefas_e_Delegações_Interna
4500;Tarefa atribuída: protocolar a petição do caso Comércio XYZ.;Tarefas_e_Delegações_Interna
4559;A equipe cível finalizou o resumo do processo para a revisão final do sócio.;Tarefas_e_Delegações_Interna
650;Publicada a pauta de julgamento virtual na 7ª Vara Trabalhista. Vista ao réu para impugnação.;Andamentos_Processuais
4819;Aviso interno: O setor paralegal devolveu a revisão da contestação sem dilação de prazo.;Tarefas_e_Delegações_Interna
639;Voto do relator publicado.;Andamentos_Processuais
176;Deferimento da tutela de urgência no processo do executado.;Andamentos_Processuais
179;Urgente: Decisão interlocutória proferida no portal eletrônico e-SAJ. Cumpra-se com urgência.;Andamentos_Processuais
4604;Prioridade: Sócio diretor atribuiu a tarefa de redigir o recurso para despachar com o juiz.;Tarefas_e_Delegações_Interna
4309;Sócio sênior delegou a elaboração da procuração ad judicia para você.;Tarefas_e_Delegações_Interna
580;Atenção: Deferida a tutela de urgência pela secretaria da vara. Cumpra-se com urgência.;Andamentos_Processuais
2492;Comprovante de residência pendente de assinatura digital via DocuSign.;Gestão_de_Documentos
3126;Alerta de prazo: O prazo para juntada de documentos expira amanhã às 18h. O estagiário já incluiu na agenda.;Prazos_e_Audiências
2515;Extrato bancário digitalizado e indexado no sistema.;Gestão_de_Documentos
631;Suspensão do processo por 30 dias.;Andamentos_Processuais
2148;Documento: O comprovante de residência foi enviado por e-mail na subpasta de atos constitutivos.;Gestão_de_Documentos
3935;Perícia médica registrada na pauta do dia 28/11.;Prazos_e_Audiências
2354;Atenção: O contrato de honorários foi corrompido durante o upload.;Gestão_de_Documentos
1183;Acordo financeiro quitado e o comprovante anexado aos autos.;Financeiro_e_Custas
2248;Alerta: o contrato social foi assinado via certificado A3.;Gestão_de_Documentos
3421;O prazo para alegações finais não comporta mais dilação. Não perca o horário estabelecido.;Prazos_e_Audiências
404;Andamento: Deferida a tutela de urgência.;Andamentos_Processuais
175;Urgente: Expedido mandado de citação pelo Tribunal de Justiça.;Andamentos_Processuais
1171;Urgente: Os honorários de sucumbência foram pagos e notificação enviada.;Financeiro_e_Custas
1359;Despesa de tradução juramentada para conferência do sócio financeiro.;Financeiro_e_Custas
619;Decisão interlocutória publicada no DJE na 10ª Vara Trabalhista. Prazo comum aberto.;Andamentos_Processuais
2568;Alerta: a carta de preposição foi rejeitada pelo tribunal.;Gestão_de_Documentos
3456;Alerta de prazo: A audiência de conciliação foi confirmada para amanhã. Atenção ao calendário interno.;Prazos_e_Audiências
1390;Fundo fixo de despesas atualizado no valor de R$ 12.500,00 referente ao mês vigente.;Financeiro_e_Custas
3569;Audiência una marcada para a próxima terça-feira às 15h.;Prazos_e_Audiências
3413;Lembrete: O prazo para contrarrazões encerra-se na próxima semana. Prepare a documentação.;Prazos_e_Audiências
2257;Alerta: a escritura do imóvel está disponível para download.;Gestão_de_Documentos
474;Sentença de mérito publicada no sistema PJe. O prazo recursal inicia-se amanhã.;Andamentos_Processuais
604;Embargos de declaração acolhidos no processo nº 0050430-47.2023.8.17.0001. Publicação no Diário Oficial de hoje.;Andamentos_Processuais
4642;Departamento financeiro finalizou a revisão dos cálculos do processo de Seguradora Atlântica.;Tarefas_e_Delegações_Interna
4550;Sócio diretor delegou o protocolo da réplica para você.;Tarefas_e_Delegações_Interna
2571;OCR aplicado no comprovante de residência digitalizado.;Gestão_de_Documentos
4781;Sócio sênior delegou a conferência do extrato bancário para você.;Tarefas_e_Delegações_Interna
2595;Carteira de trabalho renomeada conforme padrão do escritório.;Gestão_de_Documentos
3383;O prazo para justificar ausência na audiência termina amanhã.;Prazos_e_Audiências
4621;Responder e-mail do cliente com os quesitos complementares.;Tarefas_e_Delegações_Interna
673;Apelação recebida nos efeitos devolutivo e suspensivo. Decisão disponível no sistema PROJUDI.;Andamentos_Processuais
4686;Departamento tributário finalizou a revisão dos cálculos do processo de Consórcio Nordeste.;Tarefas_e_Delegações_Interna
4277;Solicitação de suporte: verificar pendência financeira de Seguradora Atlântica.;Tarefas_e_Delegações_Interna
3864;Importante: A sessão de julgamento foi designada para hoje às 14h. Atenção ao calendário interno.;Prazos_e_Audiências
724;Baixa definitiva dos autos no sistema. Consulte a íntegra no e-Proc.;Andamentos_Processuais
3924;O prazo para manifestação não comporta mais dilação. Prepare a documentação.;Prazos_e_Audiências
965;Atenção: Apelação interposta no sistema PJe. Notifique-se o cliente da decisão.;Andamentos_Processuais
1852;Honorários de sucumbência creditados no valor de R$ 7.000,00 no valor integral da condenação.;Financeiro_e_Custas
2402;Alerta: O termo de acordo está disponível para download no sistema interno do escritório.;Gestão_de_Documentos
4670;Lembrete: revisar a carteira de trabalho até amanhã.;Tarefas_e_Delegações_Interna
2166;Atenção: O laudo pericial aguarda validação do gestor.;Gestão_de_Documentos
1351;Nota fiscal cancelada para conferência do sócio financeiro.;Financeiro_e_Custas
2805;Certidão de casamento renomeada conforme padrão do escritório.;Gestão_de_Documentos
2429;Atenção: A guia de custas foi enviada por e-mail.;Gestão_de_Documentos
1449;Reembolso de viagem e o comprovante anexado aos autos.;Financeiro_e_Custas
4887;Atenção equipe: A estagiária delegou o feedback individual para despacho com o magistrado.;Tarefas_e_Delegações_Interna
2859;Aviso: A ata notarial excedeu o limite de tamanho e arquivado de forma definitiva.;Gestão_de_Documentos
1680;Bloqueio Sisbajud no valor de R$ 6.500,00.;Financeiro_e_Custas
3881;Alerta de prazo: A audiência de oitiva de testemunhas será presencial no fórum. Não perca o horário estabelecido.;Prazos_e_Audiências
4746;Workflow iniciado: triagem de novos casos do processo de Indústria Delta S.A.;Tarefas_e_Delegações_Interna
2139;Status interno: o comprovante de residência foi encaminhado ao setor paralegal.;Gestão_de_Documentos
2786;O contrato social passou por OCR e está pesquisável no dossiê previdenciário.;Gestão_de_Documentos
4602;Aviso interno: O sócio diretor solicitou a elaboração de quesitos no sistema ERP.;Tarefas_e_Delegações_Interna
2224;Status interno: O substabelecimento está pendente de assinatura no dossiê previdenciário.;Gestão_de_Documentos
4345;Aviso interno: A equipe tributária conferiu a reunião de equipe com máxima urgência.;Tarefas_e_Delegações_Interna
2323;O comprovante de residência foi salvo na pasta do cliente para uso na audiência.;Gestão_de_Documentos
3194;Prazo para pagamento do preparo recursal foi prorrogado por decisão judicial.;Prazos_e_Audiências
2731;Cliente corporativo anexou o RG atualizado no portal do escritório.;Gestão_de_Documentos
809;Acórdão publicado no Tribunal Regional Federal da 3ª Região.;Andamentos_Processuais
1869;Os valores bloqueados no valor de R$ 8.300,00 foram pagos com acréscimo de multa.;Financeiro_e_Custas
4527;Sócio solicitou a atualização cadastral de Silva & Cia no sistema interno.;Tarefas_e_Delegações_Interna
971;Ato ordinatório praticado no Tribunal Regional Federal da 5ª Região.;Andamentos_Processuais
4387;Prioridade alta: O Dr. Rafael atribuiu o levantamento do passivo antes do fim do expediente.;Tarefas_e_Delegações_Interna
3416;Audiência de conciliação designada para o dia 14 às 14h, na 2ª Vara de Família.;Prazos_e_Audiências
595;Manifestação pericial anexada na Vara de Família. Notifique-se o cliente da decisão.;Andamentos_Processuais
2285;Alerta: A ata notarial precisa ser reencaminhada.;Gestão_de_Documentos
2990;O contrato de locação foi rejeitado pelo tribunal no dossiê previdenciário.;Gestão_de_Documentos
2264;Parte autora anexou o comprovante de renda no portal do escritório.;Gestão_de_Documentos
4585;Nova delegação: O advogado pleno atribuiu o feedback individual para a revisão final do sócio.;Tarefas_e_Delegações_Interna
787;Mandado de intimação expedido.;Andamentos_Processuais
696;Urgente: Vista ao Ministério Público. Confira o teor no sistema.;Andamentos_Processuais
3267;A audiência de instrução e julgamento teve o horário antecipado para as 09h. Verifique os autos para mais detalhes.;Prazos_e_Audiências
1074;Pagamento pendente: A retenção de imposto venceu.;Financeiro_e_Custas
395;Emitida nota de foro contendo a decisão completa.;Andamentos_Processuais
3799;Atenção: A sessão do tribunal do júri foi remarcada para sexta-feira. Notifique o cliente.;Prazos_e_Audiências
2826;Aviso: A guia de custas aguarda validação do gestor.;Gestão_de_Documentos
4115;Setor paralegal finalizou a formatação e indexação da documentação.;Tarefas_e_Delegações_Interna
2553;Documento: A petição inicial está disponível para download no portal do cliente.;Gestão_de_Documentos
1578;Pagamento do perito assistente referente ao processo de Distribuidora Central.;Financeiro_e_Custas
3832;Prazo para impugnação ao cumprimento de sentença consta registrado na pauta processual do dia 19/1.;Prazos_e_Audiências
1746;Faturamento: A taxa de desarquivamento foi gerada.;Financeiro_e_Custas
153;Aviso de movimentação: Expedido alvará eletrônico pela secretaria da vara. Prazo comum aberto.;Andamentos_Processuais
4673;Lembrete: comitê de avaliação de novos casos em 15 minutos na sala 3.;Tarefas_e_Delegações_Interna
383;Expedida carta precatória para oitiva. Notificação enviada por e-mail.;Andamentos_Processuais
2134;Atualização: O relatório médico foi rejeitado pelo tribunal na nuvem corporativa.;Gestão_de_Documentos
410;Aviso de movimentação: Indeferida a liminar. Vista às partes por 5 dias.;Andamentos_Processuais
1558;Confirmação: Os valores bloqueados foram creditados.;Financeiro_e_Custas
1553;Urgente: O alvará de levantamento foi confirmado na conta do escritório.;Financeiro_e_Custas
3853;Atenção: A sessão de julgamento foi adiada para o próximo mês. O sistema já foi atualizado.;Prazos_e_Audiências
3472;Prazo para pagamento do preparo recursal vence em 13 dias úteis.;Prazos_e_Audiências
4226;Atenção equipe: O sócio diretor atribuiu a triagem de documentos como prioridade 1.;Tarefas_e_Delegações_Interna
1714;As custas processuais foram atualizadas e anexado aos autos.;Financeiro_e_Custas
1350;Penhora online aguardando aprovação da diretoria.;Financeiro_e_Custas
4276;Status da tarefa: A equipe tributária devolveu a auditoria de processos na sala de conferências.;Tarefas_e_Delegações_Interna
1576;Guia de custas finais gerada e enviada ao e-mail do reclamante.;Financeiro_e_Custas
1417;Acordo financeiro quitado aguardando compensação bancária.;Financeiro_e_Custas
1744;Aviso: O depósito judicial no valor de R$ 5.500,00 foi aprovado para conferência.;Financeiro_e_Custas
4973;Atenção equipe: O setor paralegal transferiu o resumo do processo para alinhamento estratégico.;Tarefas_e_Delegações_Interna
287;Atenção: Acórdão publicado.;Andamentos_Processuais
2111;Alerta: A certidão negativa de débitos precisa ser reencaminhada para conferência final.;Gestão_de_Documentos
3749;Urgente: a reunião de tentativa de acordo ocorrerá de forma 100% virtual.;Prazos_e_Audiências
1205;Taxa de desarquivamento para conferência do sócio financeiro.;Financeiro_e_Custas
2208;Documento: O comprovante de pagamento foi enviado por e-mail via plataforma DocuSign.;Gestão_de_Documentos
3225;Aviso de pauta: O prazo de 15 dias úteis não comporta mais dilação. O estagiário já incluiu na agenda.;Prazos_e_Audiências
2339;Nova pasta compartilhada criada para os documentos da reclamada.;Gestão_de_Documentos
4932;Aviso interno: O Dr. Carlos conferiu a tese de defesa para despacho com o magistrado.;Tarefas_e_Delegações_Interna
2318;Petição inicial recebida por e-mail e protocolada no sistema interno.;Gestão_de_Documentos
1919;Alerta financeiro: O precatório no valor de R$ 7.800,00 foi atualizado conforme determinação judicial.;Financeiro_e_Custas
1404;Custas de citação aguardando aprovação da diretoria.;Financeiro_e_Custas
823;Sentença proferida no Juizado Especial. Cumpra-se com urgência.;Andamentos_Processuais
420;Extinção do processo sem resolução de mérito no Tribunal de Justiça.;Andamentos_Processuais
2100;Documento: O comprovante de residência está pendente de assinatura pelo assistente jurídico.;Gestão_de_Documentos
1866;Alvará de levantamento expedido no sistema interno.;Financeiro_e_Custas
868;Baixa definitiva dos autos no sistema.;Andamentos_Processuais
3805;Atenção: O prazo de embargos de declaração inicia-se amanhã. O estagiário já incluiu na agenda.;Prazos_e_Audiências
3182;O prazo de embargos de declaração não comporta mais dilação. Atenção ao calendário interno.;Prazos_e_Audiências
2283;Upload falhou: O comprovante de residência precisa ser reencaminhado no dossiê previdenciário.;Gestão_de_Documentos
999;Expedida carta precatória para oitiva na 8ª Vara Criminal. Verifique o andamento no PJe.;Andamentos_Processuais
2015;A minuta de acordo extrajudicial foi anexada com sucesso para uso na audiência de amanhã.;Gestão_de_Documentos
73;Aviso de movimentação: Sentença de mérito publicada. O prazo recursal inicia-se amanhã.;Andamentos_Processuais
4172;Nova delegação: O estagiário transferiu o preenchimento do timesheet com máxima urgência.;Tarefas_e_Delegações_Interna
457;Vista ao Ministério Público na 1ª Vara Cível. Verifique o andamento no tribunal.;Andamentos_Processuais
3428;Aviso de pauta: O prazo em dobro para a Fazenda expira amanhã às 18h. Verifique no PJe.;Prazos_e_Audiências
3969;Sessão de julgamento presencial registrada na pauta do dia 28/3.;Prazos_e_Audiências
2734;Atenção: A ficha de cadastro foi anexada com sucesso para uso na audiência.;Gestão_de_Documentos
636;Impugnação ao cumprimento de sentença recebida no processo nº 0034201-11.2024.8.14.0002. Publicação no Diário Oficial de hoje.;Andamentos_Processuais
413;Agravo de instrumento interposto no processo nº 0083396-42.2023.8.22.0003. Publicação no Diário Oficial de hoje.;Andamentos_Processuais
1389;Custas de citação pendentes no valor integral da condenação.;Financeiro_e_Custas
491;Vista dos autos concedida ao Ministério Público por 10 dias.;Andamentos_Processuais
3242;Importante: A sessão do tribunal do júri está aguardando o link. Notifique o cliente.;Prazos_e_Audiências
2961;Status interno: A certidão de nascimento foi corrompida durante o upload para cumprimento de prazo.;Gestão_de_Documentos
1995;Alerta financeiro: Os valores bloqueados no valor de R$ 6.400,00 foram atualizados sem incidência de juros.;Financeiro_e_Custas
1853;Pagamento pendente: A nota fiscal foi lançada conforme tabela da OAB.;Financeiro_e_Custas
159;Vista ao Ministério Público. O prazo recursal inicia-se amanhã.;Andamentos_Processuais
1904;Guia de custas iniciais gerada e enviada ao e-mail de Silva & Cia.;Financeiro_e_Custas
1770;Bloqueio Sisbajud referente ao processo de Grupo Beta Ltda.;Financeiro_e_Custas
4140;Status da tarefa: O Dr. Rafael assumiu a planilha de clientes para a reunião de sexta.;Tarefas_e_Delegações_Interna
4267;Aviso interno: Dra. Camila finalizou o relatório quinzenal antes do envio ao cliente.;Tarefas_e_Delegações_Interna
3030;Atenção: O prazo em dobro para a Fazenda foi prorrogado por 5 dias. Revise os memoriais.;Prazos_e_Audiências
3981;Importante: O prazo de embargos de declaração termina em 48 horas.;Prazos_e_Audiências
4895;Lembrete: O Dr. Carlos concluiu a reunião de equipe para despacho com o magistrado.;Tarefas_e_Delegações_Interna
1880;Despesa de cartório lançada no valor de R$ 2.500,00 no sistema interno.;Financeiro_e_Custas
2980;Atenção: A ficha de cadastro foi salva na pasta digital no sistema interno do escritório.;Gestão_de_Documentos
4200;O sócio diretor validou a análise de viabilidade via Microsoft Teams.;Tarefas_e_Delegações_Interna
154;Manifestação pericial anexada. O processo segue tramitação normal.;Andamentos_Processuais
3361;Importante: A audiência de instrução foi cancelada pelo juízo. O estagiário já incluiu na agenda.;Prazos_e_Audiências
3296;Lembrete: prazo para apresentar cálculos de liquidação em 8 dias.;Prazos_e_Audiências
1787;Despesa de tradução juramentada referente ao processo de Consórcio Nordeste.;Financeiro_e_Custas
3878;Alerta de prazo: O prazo prescricional expira amanhã às 18h.;Prazos_e_Audiências
527;Impugnação ao cumprimento de sentença recebida na 15ª Vara Trabalhista.;Andamentos_Processuais
4366;Lembrete: A equipe cível revisou o levantamento do passivo no sistema ERP.;Tarefas_e_Delegações_Interna
774;Ato ordinatório: vista às partes.;Andamentos_Processuais
121;Manifestação pericial anexada na 1ª Vara Cível. O prazo recursal inicia-se amanhã.;Andamentos_Processuais
1122;Aviso: Os honorários de sucumbência foram aprovados com vencimento para amanhã.;Financeiro_e_Custas
4554;Workflow iniciado: conferência financeira do processo de Banco Meridional.;Tarefas_e_Delegações_Interna
3856;Aviso de pauta: O prazo para juntada de documentos foi prorrogado por 5 dias.;Prazos_e_Audiências
93;Autos remetidos à conclusão no processo de execução. Aguardando decurso de prazo.;Andamentos_Processuais
1772;Guia de recolhimento da União (GRU) gerada e enviada ao e-mail do cliente corporativo.;Financeiro_e_Custas
3484;Prazo para réplica vence em 6 dias úteis.;Prazos_e_Audiências
3757;Audiência virtual remarcada para a próxima quinta-feira, às 10h.;Prazos_e_Audiências
3148;Audiência de instrução e julgamento confirmada para o processo do cliente corporativo.;Prazos_e_Audiências
4815;Nova delegação: O setor paralegal marcou a pauta de audiências para a revisão final do sócio.;Tarefas_e_Delegações_Interna
825;Inclusão em pauta de julgamento colegiado no processo nº 0097851-20.2021.8.15.0002.;Andamentos_Processuais
2392;OCR concluído: o contrato escaneado agora possui texto pesquisável.;Gestão_de_Documentos
1325;Alerta financeiro: As despesas de viagem foram atualizadas aguardando compensação.;Financeiro_e_Custas
1345;Guia de custas finais gerada e enviada ao e-mail de Farmácias Reunidas Ltda.;Financeiro_e_Custas
4706;Status da tarefa: A equipe tributária atribuiu o resumo do processo e notificou os envolvidos.;Tarefas_e_Delegações_Interna
2150;Documentação: a declaração de hipossuficiência está disponível para download.;Gestão_de_Documentos
2951;Status interno: A ata notarial está disponível para download para cumprimento de prazo.;Gestão_de_Documentos
1876;Guia de custas finais gerada sem incidência de juros.;Financeiro_e_Custas
3094;A sessão plenária do júri teve o horário antecipado para as 09h.;Prazos_e_Audiências
1614;Depósito judicial no valor de R$ 18.000,00.;Financeiro_e_Custas
3078;Audiência de conciliação confirmada para o processo de João Pereira.;Prazos_e_Audiências
2404;Upload do parecer técnico concluído com sucesso.;Gestão_de_Documentos
3847;A audiência de justificação foi remarcada para sexta-feira. A parte contrária já foi intimada.;Prazos_e_Audiências
1012;Faturamento: O acordo financeiro foi quitado na conta do escritório.;Financeiro_e_Custas
1250;Penhora online e o comprovante anexado aos autos.;Financeiro_e_Custas
1912;O depósito judicial foi aprovado na conta do escritório.;Financeiro_e_Custas
4998;Status da tarefa: O setor paralegal aprovou a conferência de prazos com máxima urgência.;Tarefas_e_Delegações_Interna
1619;Reembolso de diligência aprovado aguardando aprovação da diretoria.;Financeiro_e_Custas
3071;Importante: O prazo em dobro para a Fazenda foi prorrogado por 5 dias.;Prazos_e_Audiências
3982;Alerta de prazo: A audiência trabalhista foi designada para hoje às 14h. Evite a preclusão.;Prazos_e_Audiências
502;Urgente: Homologado o acordo pelo relator.;Andamentos_Processuais
2137;A ficha de cadastro foi digitalizada em alta resolução via aplicativo do escritório.;Gestão_de_Documentos
1822;Alerta financeiro: Os honorários contratuais foram confirmados.;Financeiro_e_Custas
4784;Lembrete: revisar a certidão de nascimento até amanhã.;Tarefas_e_Delegações_Interna
1031;Urgente: Os honorários de sucumbência foram expedidos no portal do tribunal.;Financeiro_e_Custas
901;Urgente: Trânsito em julgado certificado. O prazo recursal inicia-se amanhã.;Andamentos_Processuais
2446;Alerta: O relatório médico aguarda validação do gestor.;Gestão_de_Documentos
104;Desapensamento de autos determinado pela desembargadora relatora.;Andamentos_Processuais
4534;Status da tarefa: A secretaria conferiu a redação da petição e aguarda aprovação.;Tarefas_e_Delegações_Interna
2256;Status interno: O comprovante de residência está pendente de assinatura para conferência final.;Gestão_de_Documentos
257;Andamento: Sentença de mérito publicada. Aguardando a intimação do réu.;Andamentos_Processuais
1332;Custas de citação e o comprovante anexado aos autos.;Financeiro_e_Custas
2418;Assinatura eletrônica do termo de audiência pendente.;Gestão_de_Documentos
1735;Confirmação: A guia DARE venceu.;Financeiro_e_Custas
4925;O gestor do departamento delegou a reunião de equipe e aguarda aprovação.;Tarefas_e_Delegações_Interna
3384;Atenção: A sessão de mediação será presencial no fórum.;Prazos_e_Audiências
1673;Segunda via de boleto emitida no valor de R$ 4.500,00.;Financeiro_e_Custas
4063;Departamento financeiro finalizou a revisão dos cálculos do processo de Condomínio Jardim das Flores.;Tarefas_e_Delegações_Interna
2238;Atualização: O substabelecimento foi corrompido durante o upload e arquivado de forma definitiva.;Gestão_de_Documentos
1874;Confirmação: As despesas de viagem no valor de R$ 7.300,00 foram efetuadas para conferência.;Financeiro_e_Custas
2769;Requerimento administrativo de pensão gerado em formato PDF/A.;Gestão_de_Documentos
1540;Honorários contratuais compensados referente ao mês vigente.;Financeiro_e_Custas
871;Atenção: Homologado o acordo. O prazo recursal inicia-se amanhã.;Andamentos_Processuais
4586;Lembrete: A secretaria solicitou a elaboração de quesitos e notificou os envolvidos.;Tarefas_e_Delegações_Interna
757;Urgente: Agravo de instrumento recebido. O processo segue tramitação normal.;Andamentos_Processuais
713;Juntada de AR de intimação positivo. Autos aguardam prazo no cartório.;Andamentos_Processuais
1783;Faturamento: A despesa de cartório foi expedida e anexado aos autos.;Financeiro_e_Custas
405;Recurso extraordinário inadmitido no Superior Tribunal de Justiça.;Andamentos_Processuais
775;Andamento: Indeferida a liminar nos autos da ação. Verifique o andamento no tribunal.;Andamentos_Processuais
2249;O comprovante de residência está pendente de assinatura digital.;Gestão_de_Documentos
569;Ato ordinatório praticado pelo juízo deprecante.;Andamentos_Processuais
2795;A certidão negativa de débitos passou por OCR e está pesquisável e o cliente foi notificado.;Gestão_de_Documentos
1486;Confirmação: O precatório foi confirmado na conta do escritório.;Financeiro_e_Custas
3091;Aviso de pauta: O prazo para apelação termina em 48 horas. O sistema já foi atualizado.;Prazos_e_Audiências
3057;Sessão de julgamento presencial registrada na pauta do dia 26/4.;Prazos_e_Audiências
4087;Sócio solicitou a atualização cadastral de Distribuidora Central no sistema interno.;Tarefas_e_Delegações_Interna
3873;Urgente: A sessão de mediação foi cancelada pelo juízo. A parte contrária já foi intimada.;Prazos_e_Audiências
4782;Status da tarefa: A controladoria jurídica aprovou a auditoria de processos antes do fim do expediente.;Tarefas_e_Delegações_Interna
3290;Prazo para contestação expira hoje às 23h59.;Prazos_e_Audiências
26;Aviso de movimentação: Manifestação pericial anexada na 3ª Vara Criminal. Aguardando decurso de prazo.;Andamentos_Processuais
1734;Aviso: A guia de custas no valor de R$ 2.800,00 foi recebida aguardando aprovação da diretoria.;Financeiro_e_Custas
4742;Aviso interno: O advogado sênior encerrou o protocolo do recurso e notificou os envolvidos.;Tarefas_e_Delegações_Interna
3568;Importante: O prazo para recurso inominado foi prorrogado por 5 dias. Verifique no PJe.;Prazos_e_Audiências
1838;Pagamento pendente: A nota fiscal no valor de R$ 8.800,00 está pendente com acréscimo de multa.;Financeiro_e_Custas
1996;Faturamento: A taxa de desarquivamento no valor de R$ 8.100,00 venceu conforme tabela da OAB.;Financeiro_e_Custas
2936;Nova pasta compartilhada criada para os documentos do litígio.;Gestão_de_Documentos
4037;Aviso interno: O Dr. Carlos finalizou a reunião de equipe como prioridade 1.;Tarefas_e_Delegações_Interna
4178;Aviso interno: A Dra. Mariana transferiu a triagem de documentos e notificou os envolvidos.;Tarefas_e_Delegações_Interna
1064;Pagamento pendente: As custas processuais foram atualizadas aguardando aprovação da diretoria.;Financeiro_e_Custas
4094;Urgente: A equipe cível cancelou o despacho com o juiz até as 18h.;Tarefas_e_Delegações_Interna
4441;Tarefa atribuída: protocolar a petição do caso Transportadora Rios.;Tarefas_e_Delegações_Interna
2225;Status interno: A documentação anexada foi anexada com sucesso via aplicativo do escritório.;Gestão_de_Documentos
3868;Prazo para emenda à petição inicial foi prorrogado por decisão judicial.;Prazos_e_Audiências
2438;O termo de confidencialidade (NDA) passou por OCR e está pesquisável via DocuSign.;Gestão_de_Documentos
1916;Reembolso de diligência no valor de R$ 22.000,00.;Financeiro_e_Custas
1717;Confirmação: Os valores bloqueados foram creditados com sucesso.;Financeiro_e_Custas
2252;A petição inicial foi digitalizada em alta resolução.;Gestão_de_Documentos
3467;Prazo para cumprimento voluntário da sentença expira em 48 horas.;Prazos_e_Audiências
1384;Pagamento pendente: Os valores bloqueados foram emitidos conforme determinação judicial.;Financeiro_e_Custas
4849;Tarefa: preencher o relatório de horas trabalhadas (timesheet) da semana.;Tarefas_e_Delegações_Interna
1624;Segunda via de boleto gerada e enviada ao e-mail de Maria Santos.;Financeiro_e_Custas
2022;Nova versão do acordo de confidencialidade (NDA) salva na rede.;Gestão_de_Documentos
3235;Lembrete: O prazo em dobro para a Fazenda foi prorrogado por 5 dias. Verifique no PJe.;Prazos_e_Audiências
3050;Perícia médica registrada na pauta do dia 19/5.;Prazos_e_Audiências
2393;Nova pasta compartilhada criada para os documentos de Grupo Beta Ltda.;Gestão_de_Documentos
683;Mandado de segurança denegado na 4ª Vara Federal. Consulte a íntegra no e-Proc.;Andamentos_Processuais
4013;Nova delegação: A controladoria jurídica cancelou a pauta de audiências referente ao caso Silva.;Tarefas_e_Delegações_Interna
2363;O relatório médico foi digitalizado em alta resolução via aplicativo do escritório.;Gestão_de_Documentos
3774;Prazo para juntada de documentos complementares iniciado no processo de Transportadora Rios.;Prazos_e_Audiências
3216;O prazo peremptório não comporta mais dilação. A parte contrária já foi intimada.;Prazos_e_Audiências
264;Aviso de movimentação: Recebidos os autos no sistema PJe. Notifique-se o cliente da decisão.;Andamentos_Processuais
3352;Oitiva do perito marcada para segunda-feira às 11h.;Prazos_e_Audiências
3344;Importante: O prazo de embargos de declaração foi devolvido por 10 dias. Evite a preclusão.;Prazos_e_Audiências
1397;Retenção de imposto de renda referente ao processo de Transportadora Rios.;Financeiro_e_Custas
722;Atenção: Redistribuição do processo. O processo segue tramitação normal.;Andamentos_Processuais
3893;Lembrete: A audiência admonitória foi cancelada pelo juízo. Notifique o cliente.;Prazos_e_Audiências
2636;Atenção: A declaração de hipossuficiência excedeu o limite de tamanho para conferência final.;Gestão_de_Documentos
4398;Coordenador aprovou o laudo pericial antes do envio ao cliente.;Tarefas_e_Delegações_Interna
4331;Relatório semanal de Condomínio Jardim das Flores foi validado pela diretoria.;Tarefas_e_Delegações_Interna
2895;Contestação pendente de assinatura digital via DocuSign.;Gestão_de_Documentos
2677;Atenção: O comprovante de residência foi digitalizado em alta resolução para cumprimento de prazo.;Gestão_de_Documentos
3655;Atenção: prazo de 5 dias para manifestação sobre novos documentos.;Prazos_e_Audiências
3941;Aviso de pauta: O prazo de embargos de declaração vence hoje. Prepare a documentação.;Prazos_e_Audiências
2262;OCR aplicado na procuração ad judicia digitalizada.;Gestão_de_Documentos
1499;Urgente: As despesas de viagem foram recolhidas aguardando compensação.;Financeiro_e_Custas
4051;Tarefa atribuída: organizar os documentos do caso Silva & Cia.;Tarefas_e_Delegações_Interna
4869;A equipe tributária solicitou a revisão da peça na sala de reuniões principal.;Tarefas_e_Delegações_Interna
4778;Urgente: Advogado pleno devolveu a minuta com apontamentos na sala de reuniões principal.;Tarefas_e_Delegações_Interna
2718;Assinatura eletrônica da minuta de acordo pendente.;Gestão_de_Documentos
417;Andamento: Ato ordinatório praticado. O prazo recursal inicia-se amanhã.;Andamentos_Processuais
4608;Solicitação de suporte: verificar status do processo de Consórcio Nordeste.;Tarefas_e_Delegações_Interna
4453;Status da tarefa: O coordenador da equipe finalizou a análise de viabilidade para a revisão final do sócio.;Tarefas_e_Delegações_Interna
1531;Alerta financeiro: Os honorários contratuais no valor de R$ 2.100,00 foram creditados com sucesso.;Financeiro_e_Custas
1382;Solicitação de verba aprovada.;Financeiro_e_Custas
1048;Urgente: Os valores bloqueados foram confirmados para conferência.;Financeiro_e_Custas
4682;A estagiária encerrou a elaboração de quesitos referente ao caso Silva.;Tarefas_e_Delegações_Interna
4851;Nova delegação: A Dra. Fernanda pediu o protocolo do recurso para a revisão final do sócio.;Tarefas_e_Delegações_Interna
1136;Determinado o depósito em juízo no valor de R$ 15.000,00.;Financeiro_e_Custas
2236;Certidão de casamento digitalizada e indexada no sistema.;Gestão_de_Documentos
2125;Nova pasta compartilhada criada para os documentos de Comércio XYZ.;Gestão_de_Documentos
463;Sentença proferida.;Andamentos_Processuais
2297;Reclamante anexou o extrato bancário no portal do escritório.;Gestão_de_Documentos
1711;Aviso: As custas processuais foram expedidas.;Financeiro_e_Custas
3168;O prazo prescricional encerra-se na próxima semana. Evite a preclusão.;Prazos_e_Audiências
1366;Lançamento de despesa de viagem aguardando compensação bancária.;Financeiro_e_Custas
449;Sentença julgada improcedente. Vista ao réu para impugnação.;Andamentos_Processuais
2391;O termo de confidencialidade (NDA) foi encaminhado ao setor paralegal no portal.;Gestão_de_Documentos
486;Redistribuição do processo por dependência à 2ª Vara de Família.;Andamentos_Processuais
169;Atualização processual: Indeferida a liminar. Vista às partes por 5 dias.;Andamentos_Processuais
2703;Aviso: A certidão de nascimento passou por OCR e está pesquisável pelo assistente jurídico.;Gestão_de_Documentos
2348;O parecer técnico foi fragmentado em múltiplas partes.;Gestão_de_Documentos
1841;Repasse ao cliente no valor de R$ 500,00.;Financeiro_e_Custas
4396;Urgente: A equipe trabalhista pediu a reunião de equipe na sala de conferências.;Tarefas_e_Delegações_Interna
2959;Falha no upload do contrato de honorários: arquivo corrompido.;Gestão_de_Documentos
1166;Segunda via de boleto emitida pela controladoria jurídica.;Financeiro_e_Custas
612;Andamento: Autos remetidos à conclusão no Juizado Especial.;Andamentos_Processuais
4993;Status da tarefa: A Dra. Mariana conferiu a análise de viabilidade como prioridade 1.;Tarefas_e_Delegações_Interna
2289;O arquivo PDF da petição inicial excedeu o limite de tamanho do PJe.;Gestão_de_Documentos
707;Atualização processual: Suspensão do processo decretada. Notifique-se o cliente da decisão.;Andamentos_Processuais
3363;Prazo para réplica vence em 8 dias corridos.;Prazos_e_Audiências
3852;Lembrete: O prazo de 15 dias úteis não comporta mais dilação. Atenção ao calendário interno.;Prazos_e_Audiências
10;Novo despacho proferido. Prazo comum aberto.;Andamentos_Processuais
4157;O coordenador da equipe reagendou o despacho com o juiz como prioridade 1.;Tarefas_e_Delegações_Interna
3711;Aviso de pauta: O prazo para manifestação expira amanhã às 18h.;Prazos_e_Audiências
432;Andamento: Ato ordinatório praticado. Aguardando decurso de prazo.;Andamentos_Processuais
3370;Prazo para pagamento do preparo recursal expira amanhã.;Prazos_e_Audiências
793;Certidão de trânsito em julgado expedida pelo juiz titular.;Andamentos_Processuais
2579;Petição de juntada do comprovante de renda assinada com token OAB.;Gestão_de_Documentos
4752;Status da tarefa: A secretaria reagendou a pauta de audiências para amanhã cedo.;Tarefas_e_Delegações_Interna
1457;Fundo fixo de despesas do escritório no valor de R$ 9.500,00.;Financeiro_e_Custas
1854;Alerta financeiro: O precatório foi pago.;Financeiro_e_Custas
3409;O prazo para réplica não comporta mais dilação. Revise os memoriais antes da data.;Prazos_e_Audiências
2576;A ata notarial excedeu o limite de tamanho do sistema pelo assistente jurídico.;Gestão_de_Documentos
1618;Alerta financeiro: O comprovante de PIX no valor de R$ 5.200,00 foi recolhido com vencimento para amanhã.;Financeiro_e_Custas
577;Extinção do processo sem resolução de mérito no processo nº 0049123-80.2022.8.21.0003. Publicação no Diário Oficial de hoje.;Andamentos_Processuais
1102;Guia de recolhimento da União (GRU) emitida pela controladoria jurídica.;Financeiro_e_Custas
91;Determinada a expedição de carta precatória para citação em outra comarca.;Andamentos_Processuais
2416;Aviso: O holerite do reclamante foi anexado com sucesso e o cliente já foi notificado.;Gestão_de_Documentos
1129;Honorários de sucumbência creditados no sistema interno.;Financeiro_e_Custas
1570;Os valores bloqueados foram cancelados conforme determinação judicial.;Financeiro_e_Custas
4912;Prioridade alta: O advogado pleno assumiu a triagem de documentos referente ao caso Silva.;Tarefas_e_Delegações_Interna
415;Aviso de movimentação: Embargos de declaração rejeitados. O processo segue tramitação normal.;Andamentos_Processuais
2701;Declaração de imposto de renda revisada e pronta para envio ao cliente.;Gestão_de_Documentos
501;Ofício respondido pela autoridade competente na 14ª Vara de Família.;Andamentos_Processuais
4395;Departamento financeiro finalizou a revisão dos cálculos do processo de Indústria Delta S.A.;Tarefas_e_Delegações_Interna
2606;Petição inicial pendente de assinatura digital via DocuSign.;Gestão_de_Documentos
1587;Faturamento: A nota fiscal foi cancelada.;Financeiro_e_Custas
2116;Declaração de imposto de renda convertida para PDF e salva no sistema.;Gestão_de_Documentos
3801;Alerta de prazo: A audiência de instrução foi cancelada pelo juízo. Prepare a documentação.;Prazos_e_Audiências
2113;Documento: O contrato de honorários foi anexado com sucesso na nuvem corporativa.;Gestão_de_Documentos
494;Atenção: Juntada de petição no sistema PJe. Aguardando manifestação das partes.;Andamentos_Processuais
3499;A audiência de instrução e julgamento foi remarcada para sexta-feira.;Prazos_e_Audiências
3553;Aviso de pauta: O prazo prescricional vence nesta sexta-feira. Evite a preclusão.;Prazos_e_Audiências
3700;O prazo de 15 dias úteis expira amanhã às 18h.;Prazos_e_Audiências
4805;Status da tarefa: A estagiária revisou o cadastro da ação para alinhamento estratégico.;Tarefas_e_Delegações_Interna
3616;A sessão plenária do júri está confirmada para hoje. A parte contrária já foi intimada.;Prazos_e_Audiências
695;Urgente: Redistribuição do processo pelo Tribunal de Justiça. O processo segue tramitação normal.;Andamentos_Processuais
1856;Acordo financeiro quitado e baixada no sistema.;Financeiro_e_Custas
3380;Lembrete: A audiência de instrução será presencial no fórum.;Prazos_e_Audiências
4292;Urgente: A Dra. Fernanda agendou a pauta de audiências no sistema ERP.;Tarefas_e_Delegações_Interna
1940;Cálculo de liquidação atualizado no valor de R$ 2.000,00 com vencimento para amanhã.;Financeiro_e_Custas
2075;Atualização: O RG do cliente foi salvo na pasta digital.;Gestão_de_Documentos
2656;Status interno: A declaração de hipossuficiência foi assinada digitalmente via aplicativo do escritório.;Gestão_de_Documentos
2525;O relatório médico está disponível para download pelo assistente jurídico.;Gestão_de_Documentos
262;Urgente: Suspensão do processo decretada. O processo segue tramitação normal.;Andamentos_Processuais
709;Andamento: Indeferida a liminar. Notifique-se o cliente da decisão.;Andamentos_Processuais
3606;A sessão do tribunal do júri foi adiada para o próximo mês. Evite a preclusão.;Prazos_e_Audiências
2832;Upload falhou: O comprovante de residência foi anexado com sucesso para cumprimento de prazo.;Gestão_de_Documentos
4847;Status da tarefa: O coordenador da equipe conferiu a pauta de audiências para despacho com o magistrado.;Tarefas_e_Delegações_Interna
3371;O prazo para preparo recursal foi devolvido por 10 dias. O estagiário já incluiu na agenda.;Prazos_e_Audiências
4547;Sócio sênior delegou a revisão da declaração de imposto de renda para você.;Tarefas_e_Delegações_Interna
2986;Documento: O contrato social aguarda validação do gestor no sistema interno do escritório.;Gestão_de_Documentos
4759;Aviso interno: A equipe trabalhista atribuiu o preenchimento do timesheet na sala de conferências.;Tarefas_e_Delegações_Interna
1535;Alerta financeiro: As custas complementares foram recebidas sem incidência de juros.;Financeiro_e_Custas
2809;Upload falhou: A certidão negativa de débitos foi rejeitada pelo tribunal via plataforma DocuSign.;Gestão_de_Documentos
2618;Atenção: O comprovante de pagamento excedeu o limite de tamanho.;Gestão_de_Documentos
4545;O gestor do departamento solicitou a minuta do acordo sem dilação de prazo.;Tarefas_e_Delegações_Interna
568;Andamento: Ato ordinatório praticado. Vista às partes por 5 dias.;Andamentos_Processuais
2270;O laudo pericial está disponível para download pelo assistente jurídico.;Gestão_de_Documentos
382;Determinado o bloqueio Sisbajud. Prazo comum aberto.;Andamentos_Processuais
2573;Documento: A escritura do imóvel foi salva na pasta digital pelo sócio responsável.;Gestão_de_Documentos
3615;Faltam 48h para o vencimento do prazo do agravo de instrumento.;Prazos_e_Audiências
1046;Boleto de honorários mensais emitido no valor de R$ 800,00.;Financeiro_e_Custas
2518;Documento: A carta de preposição está disponível para download para cumprimento de prazo.;Gestão_de_Documentos
1058;Guia de diligência do oficial de justiça paga no aplicativo.;Financeiro_e_Custas
2040;Upload falhou: O contrato de honorários foi rejeitado pelo tribunal para instrução probatória.;Gestão_de_Documentos
1086;Guia de custas iniciais gerada e enviada ao e-mail do executado.;Financeiro_e_Custas
2627;Contrato social digitalizado e indexado no sistema.;Gestão_de_Documentos
1860;Faturamento: O precatório foi aprovado.;Financeiro_e_Custas
4486;Nova delegação: A Dra. Fernanda devolveu a minuta do acordo no sistema ERP.;Tarefas_e_Delegações_Interna
2788;Cópia integral do inquérito policial baixada e salva na pasta Sigilo.;Gestão_de_Documentos
3070;A sessão do tribunal do júri foi remarcada para sexta-feira. A parte contrária já foi intimada.;Prazos_e_Audiências
4899;A coordenadora cível finalizou a auditoria de processos até as 18h.;Tarefas_e_Delegações_Interna
3496;Prazo para contestação iniciado no processo de Empresa Ômega Serviços.;Prazos_e_Audiências
3466;Urgente: O prazo para contestação inicia-se amanhã. Notifique o cliente.;Prazos_e_Audiências
356;Deferido o pedido de gratuidade de justiça na 15ª Vara Federal. Verifique o andamento no PJe.;Andamentos_Processuais
2214;Erro de sincronização impediu o salvamento da petição inicial.;Gestão_de_Documentos
4943;Coordenador solicitou revisão do extrato bancário antes do envio ao cliente.;Tarefas_e_Delegações_Interna
4080;Sócio solicitou a atualização cadastral de Seguradora Atlântica no sistema interno.;Tarefas_e_Delegações_Interna
4716;Status da tarefa: O sócio diretor conferiu a revisão da contestação sem dilação de prazo.;Tarefas_e_Delegações_Interna
602;Ato ordinatório praticado: vista às partes por 5 dias.;Andamentos_Processuais
545;Ofício recebido do INSS com informações.;Andamentos_Processuais
4393;O coordenador da equipe validou o feedback individual e notificou os envolvidos.;Tarefas_e_Delegações_Interna
1109;Fundo fixo de despesas do escritório referente ao processo da reclamada.;Financeiro_e_Custas
3582;Prazo para contestação iniciado no processo da parte autora.;Prazos_e_Audiências
1612;Custas de citação pendentes no valor de R$ 24.500,00 para a conta do escritório.;Financeiro_e_Custas
4323;O setor paralegal encerrou a conferência de prazos até as 18h.;Tarefas_e_Delegações_Interna
634;Autos recebidos da instância superior no Tribunal Regional Federal da 3ª Região.;Andamentos_Processuais
3716;Audiência de justificação confirmada para o processo de Transportadora Rios.;Prazos_e_Audiências
2659;Upload falhou: A documentação anexada passou por OCR e está pesquisável pelo sócio responsável.;Gestão_de_Documentos
1867;Confirmação: O boleto de honorários no valor de R$ 3.900,00 foi atualizado sem incidência de juros.;Financeiro_e_Custas
1483;Aviso: O precatório está pendente.;Financeiro_e_Custas
4975;Aviso interno: A estagiária devolveu a triagem de documentos para a reunião de sexta.;Tarefas_e_Delegações_Interna
4138;Nova delegação: O Dr. Rafael atribuiu o cadastro da ação com máxima urgência.;Tarefas_e_Delegações_Interna
4089;Atenção equipe: A equipe cível devolveu a revisão da contestação sem dilação de prazo.;Tarefas_e_Delegações_Interna
60;Status do processo: Novo despacho proferido pelo Tribunal de Justiça. Confira o teor no sistema.;Andamentos_Processuais
3521;Aviso de pauta: a audiência de justificação teve o horário antecipado para as 09h.;Prazos_e_Audiências
4662;Lembrete: O setor paralegal revisou a triagem de documentos e aguarda aprovação.;Tarefas_e_Delegações_Interna
4027;Nova delegação: Dr. Roberto solicitou a revisão da peça.;Tarefas_e_Delegações_Interna
946;Atualização processual: Apelação interposta. Aguardando manifestação das partes.;Andamentos_Processuais
2958;O contrato de honorários foi encaminhado ao setor paralegal no dossiê previdenciário.;Gestão_de_Documentos
4142;Aviso interno: O Dr. Rafael delegou o cadastro da ação no sistema ERP.;Tarefas_e_Delegações_Interna
2101;Aviso: O termo de acordo foi corrompido durante o upload e o cliente já foi notificado.;Gestão_de_Documentos
1782;Aviso: As custas complementares no valor de R$ 5.600,00 foram confirmadas aguardando aprovação da diretoria.;Financeiro_e_Custas
4818;Nova delegação: O estagiário reagendou o feedback individual para a reunião de sexta.;Tarefas_e_Delegações_Interna
2611;A procuração ad judicia passou por OCR e está pesquisável.;Gestão_de_Documentos
1721;Confirmação: Os honorários contratuais venceram sem incidência de juros.;Financeiro_e_Custas
1875;Nota fiscal de prestação de serviços emitida no valor de R$ 250,00.;Financeiro_e_Custas
94;Redistribuição do processo no Diário da Justiça Eletrônico.;Andamentos_Processuais
652;Status do processo: Deferida a tutela de urgência. Vista às partes por 5 dias.;Andamentos_Processuais
1839;Aviso: A despesa de cartório foi aprovada pela controladoria.;Financeiro_e_Custas
4892;Status da tarefa: O estagiário revisou o preenchimento do timesheet para a revisão final do sócio.;Tarefas_e_Delegações_Interna
1511;Extrato de pagamentos sucumbenciais e o comprovante anexado aos autos.;Financeiro_e_Custas
3;Desapensamento de autos determinado pela juíza titular.;Andamentos_Processuais
3780;Urgente: O prazo peremptório vence hoje. Prepare a documentação.;Prazos_e_Audiências
3719;O prazo para contestação vence hoje. O sistema PJe já foi atualizado.;Prazos_e_Audiências
3609;Lembrete: A sessão do tribunal do júri será presencial no fórum. O estagiário já incluiu na agenda.;Prazos_e_Audiências
2949;Upload falhou: a ata notarial foi rejeitada pelo tribunal.;Gestão_de_Documentos
1307;Segunda via de boleto gerada e enviada ao e-mail de Farmácias Reunidas Ltda.;Financeiro_e_Custas
1299;O comprovante de PIX no valor de R$ 9.300,00 foi transferido pela controladoria.;Financeiro_e_Custas
3441;Importante: O prazo para apelação inicia-se amanhã.;Prazos_e_Audiências
4953;Departamento tributário finalizou a revisão dos cálculos do processo de Distribuidora Central.;Tarefas_e_Delegações_Interna
4783;Coordenador aprovou o comprovante de renda antes do envio ao cliente.;Tarefas_e_Delegações_Interna
4121;Prioridade: Dra. Camila cancelou o comitê de avaliação referente ao passivo trabalhista.;Tarefas_e_Delegações_Interna
1128;Estorno de honorários concluído no portal do tribunal.;Financeiro_e_Custas
2536;Parecer técnico do assistente anexado ao controle de provas da pasta.;Gestão_de_Documentos
2192;OCR aplicado na planilha de cálculos digitalizada.;Gestão_de_Documentos
4302;Lembrete: A Dra. Fernanda pediu a reunião de equipe para alinhamento estratégico.;Tarefas_e_Delegações_Interna
2807;Atualização: A minuta da contestação foi digitalizada em alta resolução na nuvem corporativa.;Gestão_de_Documentos
2547;Atualização: O relatório médico foi protocolado internamente e arquivado de forma definitiva.;Gestão_de_Documentos
3146;Importante: O prazo para réplica vence hoje.;Prazos_e_Audiências
4196;Status da tarefa: A controladoria jurídica pediu a elaboração de quesitos até as 18h.;Tarefas_e_Delegações_Interna
2319;Alerta: O RG do cliente precisa ser reencaminhado pelo sócio responsável.;Gestão_de_Documentos
1061;Pagamento pendente: As custas complementares foram aprovadas no portal do tribunal.;Financeiro_e_Custas
44;Sentença julgada improcedente. Notificação enviada por e-mail.;Andamentos_Processuais
3002;Lembrete: O prazo peremptório termina em 48 horas.;Prazos_e_Audiências
3048;O prazo para manifestação expira amanhã às 18h. Atenção ao calendário interno.;Prazos_e_Audiências
4353;Coordenador aprovou a certidão de nascimento antes do envio ao cliente.;Tarefas_e_Delegações_Interna
3706;Prazo para embargos de declaração vence em 6 dias corridos.;Prazos_e_Audiências
2927;Petição de juntada do extrato bancário assinada com token OAB.;Gestão_de_Documentos
812;Embargos de declaração acolhidos na 12ª Vara Cível. Vista às partes por 5 dias.;Andamentos_Processuais
347;Ato ordinatório praticado. Aguardando decurso de prazo.;Andamentos_Processuais
4014;Revisão pendente: contrato social consolidado da empresa cliente.;Tarefas_e_Delegações_Interna
2188;Documento: O substabelecimento foi rejeitado pelo tribunal na nuvem corporativa.;Gestão_de_Documentos
3811;Perícia contábil registrada na pauta do dia 22/7.;Prazos_e_Audiências
669;Extinção do processo com resolução de mérito no Superior Tribunal de Justiça.;Andamentos_Processuais
2679;O relatório médico foi corrompido durante o upload na subpasta de atos constitutivos.;Gestão_de_Documentos
1552;Bloqueio Sisbajud transferido pelo setor financeiro.;Financeiro_e_Custas
4033;Nova delegação: A equipe cível reagendou o despacho com o juiz como prioridade 1.;Tarefas_e_Delegações_Interna
4430;Nova delegação: A equipe tributária devolveu a elaboração de quesitos para despacho com o magistrado.;Tarefas_e_Delegações_Interna
3110;Urgente: O prazo de embargos de declaração inicia-se amanhã. O estagiário já incluiu na agenda.;Prazos_e_Audiências
199;Andamento: Baixa definitiva dos autos na 3ª Vara Criminal. Notifique-se o cliente da decisão.;Andamentos_Processuais
1536;Alerta financeiro: A despesa de cartório foi emitida e notificação enviada.;Financeiro_e_Custas
27;Trânsito em julgado certificado. Consulte a íntegra no e-Proc.;Andamentos_Processuais
4955;Prioridade alta: A advogada júnior reagendou o feedback individual para a reunião de sexta.;Tarefas_e_Delegações_Interna
902;Andamento: Baixa definitiva dos autos. O prazo recursal inicia-se amanhã.;Andamentos_Processuais
842;Mandado de segurança denegado na 2ª Vara Trabalhista. Consulte a íntegra no e-Proc.;Andamentos_Processuais
1040;Alerta financeiro: Os honorários de sucumbência foram efetuados aguardando aprovação da diretoria.;Financeiro_e_Custas
3500;Audiência trabalhista remarcada para daqui a 10 dias.;Prazos_e_Audiências
1597;Urgente: O boleto de honorários foi recolhido e enviado ao cliente.;Financeiro_e_Custas
1099;Comprovante de transferência bancária confirmado pela controladoria jurídica.;Financeiro_e_Custas
1835;Confirmação: O bloqueio Sisbajud foi lançado com vencimento para amanhã.;Financeiro_e_Custas
830;Agravo de instrumento interposto no processo de Construtora Alfa Ltda.;Andamentos_Processuais
918;Carta rogatória expedida no processo da reclamada.;Andamentos_Processuais
2792;Atualização: A petição inicial excedeu o limite de tamanho e arquivado de forma definitiva.;Gestão_de_Documentos
145;Desapensamento de autos determinado na 3ª Vara Criminal.;Andamentos_Processuais
2925;Atualização: A documentação anexada foi digitalizada em alta resolução.;Gestão_de_Documentos
3336;O prazo de embargos de declaração vence hoje. A parte contrária já foi intimada.;Prazos_e_Audiências
32;Expedição de alvará judicial eletrônico na 11ª Vara Cível. Aguardando manifestação da parte contrária.;Andamentos_Processuais
4043;Sócio sênior delegou a revisão do contrato de honorários para você.;Tarefas_e_Delegações_Interna
791;Homologação de cálculo de liquidação na 3ª Vara Criminal. Vista às partes por 5 dias.;Andamentos_Processuais
2653;Status interno: O termo de acordo está disponível para download e o cliente já foi notificado.;Gestão_de_Documentos
2055;Falha no upload da certidão de casamento: arquivo corrompido.;Gestão_de_Documentos
4239;A gerência jurídica transferiu a carteira de processos e o prazo interno vence hoje.;Tarefas_e_Delegações_Interna
3642;Aviso de pauta: O prazo para apelação termina em 48 horas. A parte contrária já foi intimada.;Prazos_e_Audiências
1430;Extrato de pagamentos sucumbenciais no valor de R$ 250,00.;Financeiro_e_Custas
737;Atenção: Suspensão do processo decretada na Vara da Fazenda Pública. Aguardando manifestação das partes.;Andamentos_Processuais
4360;Nova delegação: Advogado pleno marcou um feedback individual.;Tarefas_e_Delegações_Interna
1843;Guia de diligência do oficial de justiça emitida no valor de R$ 2.000,00.;Financeiro_e_Custas
3653;A audiência de justificação foi adiada para o próximo mês. Atenção ao calendário interno.;Prazos_e_Audiências
838;Baixa definitiva dos autos no PJe.;Andamentos_Processuais
4671;A controladoria jurídica conferiu a conferência de prazos antes do fim do expediente.;Tarefas_e_Delegações_Interna
1589;Alerta financeiro: A guia de custas no valor de R$ 4.000,00 foi realizada no sistema interno.;Financeiro_e_Custas
2858;Extrato bancário arquivado na pasta digital do processo.;Gestão_de_Documentos
3059;Importante: O prazo de 15 dias úteis vence nesta sexta-feira. A parte contrária já foi intimada.;Prazos_e_Audiências
3964;Audiência trabalhista designada para o dia 14 às 14h, na 10ª Vara do Júri.;Prazos_e_Audiências
1267;Custas complementares referente ao processo de Transportadora Rios.;Financeiro_e_Custas
2808;Aviso: A carta de preposição foi anexada com sucesso.;Gestão_de_Documentos
4792;Lembrete: O coordenador da equipe agendou uma reunião de alinhamento na sala de reuniões principal.;Tarefas_e_Delegações_Interna
2713;O dossiê do cliente foi corrompido durante o upload.;Gestão_de_Documentos
101;Urgente: Recebidos os autos no Juizado Especial. Prazo comum aberto.;Andamentos_Processuais
2463;Upload falhou: A procuração ad judicia precisa ser reencaminhada e arquivado de forma definitiva.;Gestão_de_Documentos
1989;Guia de preparo recursal emitida no valor de R$ 800,00.;Financeiro_e_Custas
4947;Lembrete: enviar o parecer técnico até amanhã.;Tarefas_e_Delegações_Interna
4949;Nova delegação: A secretaria devolveu o protocolo do recurso para a reunião de sexta.;Tarefas_e_Delegações_Interna
4235;Prioridade: Dr. Roberto marcou um feedback individual antes do envio ao cliente.;Tarefas_e_Delegações_Interna
4525;Lembrete: A secretaria atribuiu a elaboração de quesitos referente ao caso Silva.;Tarefas_e_Delegações_Interna
4931;Prioridade: Estagiário pediu urgência na análise do caso para a pauta da semana que vem.;Tarefas_e_Delegações_Interna
2024;A carta de preposição foi corrompida durante o upload.;Gestão_de_Documentos
1997;Pagamento pendente: Os honorários contratuais no valor de R$ 2.400,00 foram quitados com vencimento para amanhã.;Financeiro_e_Custas
3978;Audiência de custódia designada para amanhã às 9h, na 20ª Vara de Família.;Prazos_e_Audiências
3776;A audiência de oitiva de testemunhas ocorrerá de forma 100% virtual. O estagiário já incluiu na agenda.;Prazos_e_Audiências
3144;Atenção: A sessão de mediação foi designada para hoje às 14h. Prepare a documentação.;Prazos_e_Audiências
1788;Aviso: O comprovante de PIX foi atualizado.;Financeiro_e_Custas
3444;Aviso de pauta: A audiência de instrução foi confirmada para amanhã. Atenção ao calendário interno.;Prazos_e_Audiências
1695;Pagamento pendente: Os valores bloqueados foram aprovados e enviado ao cliente.;Financeiro_e_Custas
4054;Status da tarefa: A advogada júnior finalizou o preenchimento do timesheet referente ao caso Silva.;Tarefas_e_Delegações_Interna
4190;Lembrete: O Dr. Rafael aprovou a triagem de documentos como prioridade 1.;Tarefas_e_Delegações_Interna
3786;Alerta de prazo: A audiência de conciliação foi cancelada pelo juízo. Verifique no PJe.;Prazos_e_Audiências
4649;Tarefa atualizada: Advogado pleno devolveu a minuta com apontamentos e aguarda sua validação.;Tarefas_e_Delegações_Interna
2169;Status interno: A documentação anexada foi fragmentada em partes para uso na audiência.;Gestão_de_Documentos
391;Atenção: Indeferida a liminar no portal eletrônico e-SAJ. Notifique-se o cliente da decisão.;Andamentos_Processuais
1538;RPV (Requisição de Pequeno Valor) aguardando compensação bancária.;Financeiro_e_Custas
2501;OCR aplicado na minuta de acordo digitalizada.;Gestão_de_Documentos
3697;Importante: A audiência de custódia acontecerá na sala 2. A parte contrária já foi intimada.;Prazos_e_Audiências
803;Revogação de liminar anteriormente deferida na 16ª Vara Criminal.;Andamentos_Processuais
4913;Solicitação de suporte: verificar status do processo de Silva & Cia.;Tarefas_e_Delegações_Interna
1357;Aviso: Os honorários contratuais no valor de R$ 5.900,00 foram quitados com vencimento para amanhã.;Financeiro_e_Custas
2296;Procuração movida para a pasta de arquivo morto.;Gestão_de_Documentos
4770;Lembrete: você tem 3 contratos pendentes de aprovação na sua fila.;Tarefas_e_Delegações_Interna
3150;A audiência de conciliação será presencial no fórum. Prepare a documentação necessária.;Prazos_e_Audiências
4532;Sócio diretor delegou a elaboração da certidão de casamento para você.;Tarefas_e_Delegações_Interna
1621;Faturamento: O reembolso de diligência foi cancelado.;Financeiro_e_Custas
3274;Prazo para emenda à petição inicial expira amanhã.;Prazos_e_Audiências
1492;Pagamento do perito efetuado no valor de R$ 9.000,00 no sistema interno.;Financeiro_e_Custas
1954;Acordo financeiro quitado para conferência do sócio financeiro.;Financeiro_e_Custas
1831;Faturamento: A guia de custas no valor de R$ 1.600,00 foi recolhida e anexado aos autos.;Financeiro_e_Custas
1189;Transferência judicial realizada no valor de R$ 6.000,00 referente ao mês vigente.;Financeiro_e_Custas
4372;O estagiário aprovou a pesquisa jurisprudencial como prioridade 1.;Tarefas_e_Delegações_Interna
1654;Alerta financeiro: Os honorários contratuais foram expedidos pelo setor financeiro.;Financeiro_e_Custas
3777;Atenção: O prazo prescricional não comporta mais dilação. Notifique o cliente.;Prazos_e_Audiências
2255;O substabelecimento foi digitalizado em alta resolução.;Gestão_de_Documentos
1395;Pedido de estorno solicitado no valor de R$ 17.500,00 com vencimento para amanhã.;Financeiro_e_Custas
1306;Expedido mandado de pagamento em favor do autor da ação.;Financeiro_e_Custas
1399;Honorários sucumbenciais aguardando aprovação da diretoria.;Financeiro_e_Custas
3548;A audiência de instrução acontecerá na sala 2. Verifique no PJe.;Prazos_e_Audiências
972;Urgente: Novo despacho proferido no sistema PJe. O processo segue tramitação normal.;Andamentos_Processuais
3652;Aviso de pauta: O prazo para recurso inominado expira amanhã às 18h. Verifique no PJe.;Prazos_e_Audiências
952;Autos remetidos ao Ministério Público no processo de Banco Meridional.;Andamentos_Processuais
1341;Urgente: Os valores bloqueados foram expedidos aguardando aprovação da diretoria.;Financeiro_e_Custas
4535;Lembrete: O estagiário atribuiu a análise de viabilidade para amanhã cedo.;Tarefas_e_Delegações_Interna
469;Andamento: Sentença de mérito publicada.;Andamentos_Processuais
1638;Taxa de desarquivamento no valor de R$ 1.200,00.;Financeiro_e_Custas
4470;Prioridade: O setor paralegal convocou todos para a reunião mensal para amanhã de manhã.;Tarefas_e_Delegações_Interna
3705;Perícia médica adiada a pedido de uma das partes.;Prazos_e_Audiências
4207;Lembrete: O Dr. Carlos finalizou a pesquisa jurisprudencial sem dilação de prazo.;Tarefas_e_Delegações_Interna
2079;Atenção: A petição inicial foi assinada digitalmente para conferência final.;Gestão_de_Documentos
4655;Prioridade alta: A secretaria assumiu a conferência de prazos para amanhã cedo.;Tarefas_e_Delegações_Interna
2530;O contrato de locação foi encaminhado ao setor paralegal e o cliente foi notificado.;Gestão_de_Documentos
4336;Solicitação de suporte: verificar pendência financeira de Condomínio Jardim das Flores.;Tarefas_e_Delegações_Interna
3694;Alerta de prazo: O prazo prescricional vence nesta sexta-feira.;Prazos_e_Audiências
1208;Retenção de imposto de renda no valor de R$ 18.000,00.;Financeiro_e_Custas
1112;Pagamento pendente: Os honorários de sucumbência foram recebidos.;Financeiro_e_Custas
2593;Status interno: O RG do cliente foi rejeitado pelo tribunal.;Gestão_de_Documentos
4484;Tarefa atualizada: Agendar o contrato social até o final do dia.;Tarefas_e_Delegações_Interna
637;Juntada de petição pelo Tribunal de Justiça. Aguardando a intimação do réu.;Andamentos_Processuais
1009;A RPV foi recebida e notificação enviada.;Financeiro_e_Custas
328;Aviso de movimentação: Embargos de declaração rejeitados. Notifique-se o cliente da decisão.;Andamentos_Processuais
4951;Nova delegação: A coordenadora cível marcou a pauta de audiências para a revisão final do sócio.;Tarefas_e_Delegações_Interna
4135;Solicitação de suporte: verificar status do processo de Transportadora Rios.;Tarefas_e_Delegações_Interna
3863;A audiência de conciliação foi designada para amanhã.;Prazos_e_Audiências
3517;Importante: O prazo prescricional está suspenso. Atenção ao calendário interno.;Prazos_e_Audiências
4016;Urgente: Dr. Roberto pediu ajuda na tese de defesa.;Tarefas_e_Delegações_Interna
69;Andamento: Agravo de instrumento recebido pelo relator. O prazo recursal inicia-se amanhã.;Andamentos_Processuais
1072;Cálculo de liquidação de sentença no valor de R$ 25.000,00.;Financeiro_e_Custas
1149;Pagamento pendente: As custas processuais foram canceladas sem incidência de juros.;Financeiro_e_Custas
1400;A taxa de desarquivamento no valor de R$ 6.000,00 foi aprovada conforme determinação judicial.;Financeiro_e_Custas
166;Urgente: Vista ao Ministério Público. Aguardando decurso de prazo.;Andamentos_Processuais
1301;O reembolso de diligência foi pago conforme tabela da OAB.;Financeiro_e_Custas
4201;Workflow encerrado: triagem de novos casos do processo de Empresa Ômega Serviços.;Tarefas_e_Delegações_Interna
7;Decretada a revelia do réu na 18ª Vara Criminal. O processo segue tramitação normal.;Andamentos_Processuais
